SegmentID,Name,Type,Value,StartLine,EndLine,Length
SEG_0000,Book was,Book,was,2972,6997,4025
SEG_0001,Folder 32,Folder,32,6998,7005,7
SEG_0003,Folder 32,Folder,32,7008,7013,5
SEG_0005,Folder 32,Folder,32,7016,7019,3
SEG_0007,Folder 32,Folder,32,7022,7025,3
SEG_0009,Folder 32,Folder,32,7028,7038,10
SEG_0010,Folder 32,Folder,32,7039,7050,11
SEG_0012,Folder 32,Folder,32,7053,7060,7
SEG_0014,Folder 32,Folder,32,7063,7070,7
SEG_0016,Folder 32,Folder,32,7073,7086,13
SEG_0018,Folder 32,Folder,32,7089,7095,6
SEG_0019,Folder 32,Folder,32,7096,7106,10
SEG_0020,Folder 32,Folder,32,7107,8395,1288
SEG_0021,Part 1,Part,1,8396,8431,35
SEG_0023,Part 2,Part,2,8434,13808,5374
SEG_0024,Folder 02,Folder,02,13809,13820,11
SEG_0026,Folder 02,Folder,02,13823,13826,3
SEG_0028,Folder 02,Folder,02,13829,13836,7
SEG_0030,Folder 02,Folder,02,13839,13842,3
SEG_0033,Folder 02,Folder,02,13848,13851,3
SEG_0035,Folder 02,Folder,02,13854,13859,5
SEG_0037,Folder 02,Folder,02,13862,13865,3
SEG_0039,Folder 02,Folder,02,13868,13871,3
SEG_0042,Folder 02,Folder,02,13877,13880,3
SEG_0044,Folder 02,Folder,02,13883,13886,3
SEG_0046,Folder 02,Folder,02,13889,13894,5
SEG_0048,Folder 02,Folder,02,13897,13900,3
SEG_0051,Folder 02,Folder,02,13906,13909,3
SEG_0053,Folder 02,Folder,02,13912,13915,3
SEG_0055,Folder 02,Folder,02,13918,13921,3
SEG_0057,Folder 02,Folder,02,13924,13927,3
SEG_0060,Folder 02,Folder,02,13933,13936,3
SEG_0062,Folder 02,Folder,02,13939,13942,3
SEG_0064,Folder 02,Folder,02,13945,13948,3
SEG_0066,Folder 02,Folder,02,13951,13954,3
SEG_0068,Folder 02,Folder,02,13957,13965,8
SEG_0069,Folder 02,Folder,02,13966,13969,3
SEG_0071,Folder 02,Folder,02,13972,13975,3
SEG_0073,Folder 02,Folder,02,13978,13981,3
SEG_0075,Folder 02,Folder,02,13984,13987,3
SEG_0077,Folder 02,Folder,02,13990,13994,4
SEG_0078,Folder 02,Folder,02,13995,13998,3
SEG_0080,Folder 02,Folder,02,14001,14004,3
SEG_0082,Folder 02,Folder,02,14007,14010,3
SEG_0084,Folder 02,Folder,02,14013,14016,3
SEG_0086,Folder 02,Folder,02,14019,14023,4
SEG_0087,Folder 02,Folder,02,14024,14027,3
SEG_0089,Folder 02,Folder,02,14030,14033,3
SEG_0091,Folder 02,Folder,02,14036,14039,3
SEG_0093,Folder 02,Folder,02,14042,14045,3
SEG_0095,Folder 02,Folder,02,14048,14052,4
SEG_0096,Folder 02,Folder,02,14053,14060,7
SEG_0098,Folder 02,Folder,02,14063,14070,7
SEG_0100,Folder 02,Folder,02,14073,14080,7
SEG_0102,Folder 02,Folder,02,14083,14090,7
SEG_0104,Folder 02,Folder,02,14093,14097,4
SEG_0105,Folder 02,Folder,02,14098,14101,3
SEG_0107,Folder 02,Folder,02,14104,14107,3
SEG_0109,Folder 02,Folder,02,14110,14113,3
SEG_0111,Folder 02,Folder,02,14116,14121,5
SEG_0114,Part one,Part,one,14127,14132,5
SEG_0115,Folder 02,Folder,02,14133,14149,16
SEG_0117,Folder 02,Folder,02,14152,14157,5
SEG_0119,Folder 02,Folder,02,14160,14163,3
SEG_0121,Folder 02,Folder,02,14166,14175,9
SEG_0123,Folder 02,Folder,02,14178,14184,6
SEG_0124,Folder 02,Folder,02,14185,14192,7
SEG_0126,Folder 02,Folder,02,14195,14200,5
SEG_0128,Folder 02,Folder,02,14203,14206,3
SEG_0130,Folder 02,Folder,02,14209,14212,3
SEG_0132,Folder 02,Folder,02,14215,14219,4
SEG_0133,Folder 02,Folder,02,14220,14223,3
SEG_0135,Folder 02,Folder,02,14226,14229,3
SEG_0137,Folder 02,Folder,02,14232,14237,5
SEG_0139,Folder 02,Folder,02,14240,14245,5
SEG_0141,Folder 02,Folder,02,14248,14254,6
SEG_0142,Folder 02,Folder,02,14255,14260,5
SEG_0144,Folder 02,Folder,02,14263,14266,3
SEG_0146,Folder 02,Folder,02,14269,14272,3
SEG_0148,Folder 02,Folder,02,14275,14282,7
SEG_0150,Folder 02,Folder,02,14285,14291,6
SEG_0151,Folder 02,Folder,02,14292,14295,3
SEG_0153,Folder 02,Folder,02,14298,14301,3
SEG_0155,Folder 02,Folder,02,14304,14321,17
SEG_0157,Folder 02,Folder,02,14324,14329,5
SEG_0159,Folder 02,Folder,02,14332,14340,8
SEG_0160,Folder 02,Folder,02,14341,14344,3
SEG_0162,Folder 02,Folder,02,14347,14352,5
SEG_0164,Folder 02,Folder,02,14355,14364,9
SEG_0166,Folder 02,Folder,02,14367,14374,7
SEG_0168,Folder 02,Folder,02,14377,14381,4
SEG_0169,Folder 02,Folder,02,14382,14385,3
SEG_0171,Folder 02,Folder,02,14388,14391,3
SEG_0173,Folder 02,Folder,02,14394,14399,5
SEG_0175,Folder 02,Folder,02,14402,14405,3
SEG_0177,Folder 02,Folder,02,14408,14412,4
SEG_0178,Folder 02,Folder,02,14413,14416,3
SEG_0180,Folder 02,Folder,02,14419,14422,3
SEG_0182,Folder 02,Folder,02,14425,14428,3
SEG_0184,Folder 02,Folder,02,14431,14434,3
SEG_0186,Folder 02,Folder,02,14437,14441,4
SEG_0187,Folder 03,Folder,03,14442,14447,5
SEG_0189,Folder 03,Folder,03,14450,14455,5
SEG_0191,Folder 03,Folder,03,14458,14465,7
SEG_0193,Folder 03,Folder,03,14468,14473,5
SEG_0195,Folder 03,Folder,03,14476,14482,6
SEG_0196,Folder 03,Folder,03,14483,14488,5
SEG_0198,Folder 03,Folder,03,14491,14496,5
SEG_0200,Folder 03,Folder,03,14499,14506,7
SEG_0202,Folder 03,Folder,03,14509,14514,5
SEG_0204,Folder 03,Folder,03,14517,14523,6
SEG_0205,Folder 03,Folder,03,14524,14529,5
SEG_0207,Folder 03,Folder,03,14532,14537,5
SEG_0209,Folder 03,Folder,03,14540,14547,7
SEG_0211,Folder 03,Folder,03,14550,14555,5
SEG_0213,Folder 03,Folder,03,14558,14564,6
SEG_0214,Folder 03,Folder,03,14565,14570,5
SEG_0216,Folder 03,Folder,03,14573,14578,5
SEG_0218,Folder 03,Folder,03,14581,14586,5
SEG_0220,Folder 03,Folder,03,14589,14594,5
SEG_0222,Folder 03,Folder,03,14597,14603,6
SEG_0223,Folder 03,Folder,03,14604,14609,5
SEG_0225,Folder 03,Folder,03,14612,14617,5
SEG_0227,Folder 03,Folder,03,14620,14625,5
SEG_0229,Folder 03,Folder,03,14628,14637,9
SEG_0231,Folder 03,Folder,03,14640,14646,6
SEG_0232,Folder 03,Folder,03,14647,14652,5
SEG_0234,Folder 03,Folder,03,14655,14660,5
SEG_0236,Folder 03,Folder,03,14663,14670,7
SEG_0238,Folder 03,Folder,03,14673,14678,5
SEG_0240,Folder 03,Folder,03,14681,14687,6
SEG_0241,Folder 03,Folder,03,14688,14693,5
SEG_0243,Folder 03,Folder,03,14696,14701,5
SEG_0245,Folder 03,Folder,03,14704,14709,5
SEG_0247,Folder 03,Folder,03,14712,14717,5
SEG_0249,Folder 03,Folder,03,14720,14730,10
SEG_0250,Folder 03,Folder,03,14731,14736,5
SEG_0252,Folder 03,Folder,03,14739,14744,5
SEG_0254,Folder 03,Folder,03,14747,14752,5
SEG_0256,Folder 03,Folder,03,14755,14760,5
SEG_0258,Folder 03,Folder,03,14763,14769,6
SEG_0259,Folder 03,Folder,03,14770,14775,5
SEG_0261,Folder 03,Folder,03,14778,14783,5
SEG_0263,Folder 03,Folder,03,14786,14791,5
SEG_0265,Folder 03,Folder,03,14794,14799,5
SEG_0267,Folder 03,Folder,03,14802,14808,6
SEG_0268,Folder 03,Folder,03,14809,14814,5
SEG_0270,Folder 03,Folder,03,14817,14824,7
SEG_0272,Folder 03,Folder,03,14827,14832,5
SEG_0274,Folder 03,Folder,03,14835,14842,7
SEG_0276,Folder 03,Folder,03,14845,14851,6
SEG_0277,Folder 03,Folder,03,14852,14857,5
SEG_0279,Folder 03,Folder,03,14860,14865,5
SEG_0281,Folder 03,Folder,03,14868,14873,5
SEG_0283,Folder 03,Folder,03,14876,14881,5
SEG_0285,Folder 03,Folder,03,14884,14890,6
SEG_0286,Folder 03,Folder,03,14891,14896,5
SEG_0288,Folder 03,Folder,03,14899,14904,5
SEG_0290,Folder 03,Folder,03,14907,14912,5
SEG_0292,Folder 03,Folder,03,14915,14920,5
SEG_0294,Folder 03,Folder,03,14923,14929,6
SEG_0295,Folder 03,Folder,03,14930,14935,5
SEG_0297,Folder 03,Folder,03,14938,14943,5
SEG_0299,Folder 03,Folder,03,14946,14951,5
SEG_0301,Folder 03,Folder,03,14954,14959,5
SEG_0303,Folder 03,Folder,03,14962,14968,6
SEG_0304,Folder 03,Folder,03,14969,14974,5
SEG_0306,Folder 03,Folder,03,14977,14982,5
SEG_0308,Folder 03,Folder,03,14985,14990,5
SEG_0310,Folder 03,Folder,03,14993,14998,5
SEG_0312,Folder 03,Folder,03,15001,15007,6
SEG_0313,Folder 03,Folder,03,15008,15013,5
SEG_0315,Folder 03,Folder,03,15016,15021,5
SEG_0317,Folder 03,Folder,03,15024,15029,5
SEG_0319,Folder 03,Folder,03,15032,15037,5
SEG_0321,Folder 03,Folder,03,15040,15046,6
SEG_0322,Folder 03,Folder,03,15047,15052,5
SEG_0324,Folder 03,Folder,03,15055,15064,9
SEG_0326,Folder 03,Folder,03,15067,15076,9
SEG_0328,Folder 03,Folder,03,15079,15084,5
SEG_0330,Folder 03,Folder,03,15087,15093,6
SEG_0331,Folder 03,Folder,03,15094,15099,5
SEG_0333,Folder 03,Folder,03,15102,15107,5
SEG_0335,Folder 03,Folder,03,15110,15115,5
SEG_0337,Folder 03,Folder,03,15118,15125,7
SEG_0339,Folder 03,Folder,03,15128,15138,10
SEG_0340,Folder 03,Folder,03,15139,15144,5
SEG_0342,Folder 03,Folder,03,15147,15152,5
SEG_0344,Folder 03,Folder,03,15155,15163,8
SEG_0345,Folder 22,Folder,22,15164,15169,5
SEG_0347,Folder 22,Folder,22,15172,15189,17
SEG_0349,Folder 22,Folder,22,15192,15203,11
SEG_0351,Folder 22,Folder,22,15206,15221,15
SEG_0353,Folder 22,Folder,22,15224,15236,12
SEG_0354,Folder 22,Folder,22,15237,15248,11
SEG_0356,Folder 22,Folder,22,15251,15262,11
SEG_0358,Folder 22,Folder,22,15265,15276,11
SEG_0360,Folder 22,Folder,22,15279,15288,9
SEG_0362,Folder 22,Folder,22,15291,15325,34
SEG_0363,Folder 22,Folder,22,15326,15335,9
SEG_0365,Folder 22,Folder,22,15338,15345,7
SEG_0367,Folder 22,Folder,22,15348,15365,17
SEG_0369,Folder 22,Folder,22,15368,15383,15
SEG_0371,Folder 22,Folder,22,15386,15398,12
SEG_0372,Folder 22,Folder,22,15399,15408,9
SEG_0374,Folder 22,Folder,22,15411,15424,13
SEG_0376,Folder 22,Folder,22,15427,15436,9
SEG_0378,Folder 22,Folder,22,15439,15450,11
SEG_0380,Folder 22,Folder,22,15453,15463,10
SEG_0381,Folder 22,Folder,22,15464,15473,9
SEG_0383,Folder 22,Folder,22,15476,15485,9
SEG_0385,Folder 22,Folder,22,15488,15503,15
SEG_0387,Folder 22,Folder,22,15506,15517,11
SEG_0389,Folder 22,Folder,22,15520,15528,8
SEG_0390,Folder 22,Folder,22,15529,15536,7
SEG_0392,Folder 22,Folder,22,15539,15550,11
SEG_0394,Folder 22,Folder,22,15553,15560,7
SEG_0396,Folder 22,Folder,22,15563,15574,11
SEG_0398,Folder 22,Folder,22,15577,15585,8
SEG_0399,Folder 22,Folder,22,15586,15597,11
SEG_0401,Folder 22,Folder,22,15600,15615,15
SEG_0403,Folder 22,Folder,22,15618,15631,13
SEG_0405,Folder 22,Folder,22,15634,15651,17
SEG_0407,Folder 22,Folder,22,15654,15668,14
SEG_0408,Folder 22,Folder,22,15669,15688,19
SEG_0410,Folder 22,Folder,22,15691,15714,23
SEG_0412,Folder 22,Folder,22,15717,15728,11
SEG_0414,Folder 22,Folder,22,15731,15740,9
SEG_0416,Folder 22,Folder,22,15743,15753,10
SEG_0417,Folder 22,Folder,22,15754,15765,11
SEG_0419,Folder 22,Folder,22,15768,15779,11
SEG_0421,Folder 22,Folder,22,15782,15797,15
SEG_0423,Folder 22,Folder,22,15800,15805,5
SEG_0425,Folder 22,Folder,22,15808,15814,6
SEG_0426,Folder 22,Folder,22,15815,15820,5
SEG_0428,Folder 22,Folder,22,15823,15836,13
SEG_0430,Folder 22,Folder,22,15839,15848,9
SEG_0432,Folder 22,Folder,22,15851,15866,15
SEG_0434,Folder 22,Folder,22,15869,15881,12
SEG_0435,Folder 22,Folder,22,15882,15885,3
SEG_0437,Folder 22,Folder,22,15888,15901,13
SEG_0439,Folder 22,Folder,22,15904,15919,15
SEG_0441,Folder 22,Folder,22,15922,15937,15
SEG_0443,Folder 22,Folder,22,15940,15944,4
SEG_0444,Folder 22,Folder,22,15945,15948,3
SEG_0446,Folder 22,Folder,22,15951,15954,3
SEG_0448,Folder 22,Folder,22,15957,15960,3
SEG_0450,Folder 22,Folder,22,15963,15966,3
SEG_0452,Folder 22,Folder,22,15969,15973,4
SEG_0453,Folder 22,Folder,22,15974,15977,3
SEG_0455,Folder 22,Folder,22,15980,15983,3
SEG_0457,Folder 22,Folder,22,15986,15989,3
SEG_0459,Folder 22,Folder,22,15992,15995,3
SEG_0461,Folder 22,Folder,22,15998,16002,4
SEG_0462,Folder 22,Folder,22,16003,16006,3
SEG_0464,Folder 22,Folder,22,16009,16012,3
SEG_0466,Folder 22,Folder,22,16015,16018,3
SEG_0468,Folder 22,Folder,22,16021,16024,3
SEG_0470,Folder 22,Folder,22,16027,16031,4
SEG_0471,Folder 22,Folder,22,16032,16035,3
SEG_0473,Folder 22,Folder,22,16038,16041,3
SEG_0475,Folder 22,Folder,22,16044,16047,3
SEG_0477,Folder 22,Folder,22,16050,16053,3
SEG_0479,Folder 22,Folder,22,16056,16060,4
SEG_0480,Folder 22,Folder,22,16061,16064,3
SEG_0482,Folder 22,Folder,22,16067,16070,3
SEG_0484,Folder 22,Folder,22,16073,16076,3
SEG_0486,Folder 22,Folder,22,16079,16082,3
SEG_0488,Folder 22,Folder,22,16085,16089,4
SEG_0489,Folder 22,Folder,22,16090,16093,3
SEG_0491,Folder 22,Folder,22,16096,16099,3
SEG_0493,Folder 22,Folder,22,16102,16105,3
SEG_0495,Folder 22,Folder,22,16108,16111,3
SEG_0497,Folder 22,Folder,22,16114,16118,4
SEG_0498,Folder 22,Folder,22,16119,16122,3
SEG_0500,Folder 22,Folder,22,16125,16128,3
SEG_0502,Folder 22,Folder,22,16131,16134,3
SEG_0504,Folder 22,Folder,22,16137,16140,3
SEG_0506,Folder 22,Folder,22,16143,16147,4
SEG_0507,Folder 22,Folder,22,16148,16151,3
SEG_0509,Folder 22,Folder,22,16154,16157,3
SEG_0511,Folder 22,Folder,22,16160,16163,3
SEG_0513,Folder 22,Folder,22,16166,16169,3
SEG_0515,Folder 22,Folder,22,16172,16176,4
SEG_0516,Folder 22,Folder,22,16177,16180,3
SEG_0518,Folder 22,Folder,22,16183,16186,3
SEG_0520,Folder 22,Folder,22,16189,16192,3
SEG_0522,Folder 22,Folder,22,16195,16198,3
SEG_0524,Folder 22,Folder,22,16201,16205,4
SEG_0525,Folder 22,Folder,22,16206,16209,3
SEG_0527,Folder 22,Folder,22,16212,16215,3
SEG_0529,Folder 22,Folder,22,16218,16221,3
SEG_0531,Folder 22,Folder,22,16224,16227,3
SEG_0533,Folder 22,Folder,22,16230,16234,4
SEG_0534,Folder 22,Folder,22,16235,16238,3
SEG_0536,Folder 22,Folder,22,16241,16244,3
SEG_0538,Folder 22,Folder,22,16247,16250,3
SEG_0540,Folder 22,Folder,22,16253,16256,3
SEG_0542,Folder 22,Folder,22,16259,16263,4
SEG_0543,Folder 22,Folder,22,16264,16267,3
SEG_0545,Folder 22,Folder,22,16270,16273,3
SEG_0547,Folder 22,Folder,22,16276,16279,3
SEG_0549,Folder 22,Folder,22,16282,16285,3
SEG_0551,Folder 22,Folder,22,16288,16293,5
SEG_0552,Folder 22,Folder,22,16294,16297,3
SEG_0554,Folder 22,Folder,22,16300,16303,3
SEG_0556,Folder 22,Folder,22,16306,16310,4
SEG_0557,Folder 20,Folder,20,16311,16332,21
SEG_0559,Folder 20,Folder,20,16335,16340,5
SEG_0561,Folder 20,Folder,20,16343,16348,5
SEG_0563,Folder 20,Folder,20,16351,16356,5
SEG_0565,Folder 20,Folder,20,16359,16369,10
SEG_0566,Folder 20,Folder,20,16370,16375,5
SEG_0568,Folder 20,Folder,20,16378,16383,5
SEG_0570,Folder 20,Folder,20,16386,16393,7
SEG_0572,Folder 20,Folder,20,16396,16401,5
SEG_0574,Folder 20,Folder,20,16404,16410,6
SEG_0575,Folder 20,Folder,20,16411,16420,9
SEG_0577,Folder 20,Folder,20,16423,16428,5
SEG_0579,Folder 20,Folder,20,16431,16436,5
SEG_0581,Folder 20,Folder,20,16439,16444,5
SEG_0583,Folder 20,Folder,20,16447,16453,6
SEG_0584,Folder 20,Folder,20,16454,16459,5
SEG_0586,Folder 20,Folder,20,16462,16469,7
SEG_0588,Folder 20,Folder,20,16472,16477,5
SEG_0590,Folder 20,Folder,20,16480,16491,11
SEG_0592,Folder 20,Folder,20,16494,16500,6
SEG_0593,Folder 20,Folder,20,16501,16506,5
SEG_0595,Folder 20,Folder,20,16509,16522,13
SEG_0597,Folder 20,Folder,20,16525,16530,5
SEG_0599,Folder 20,Folder,20,16533,16540,7
SEG_0601,Folder 20,Folder,20,16543,16549,6
SEG_0602,Folder 20,Folder,20,16550,16555,5
SEG_0604,Folder 20,Folder,20,16558,16567,9
SEG_0606,Folder 20,Folder,20,16570,16577,7
SEG_0608,Folder 20,Folder,20,16580,16587,7
SEG_0610,Folder 20,Folder,20,16590,16596,6
SEG_0611,Folder 20,Folder,20,16597,16602,5
SEG_0613,Folder 20,Folder,20,16605,16610,5
SEG_0615,Folder 20,Folder,20,16613,16618,5
SEG_0617,Folder 20,Folder,20,16621,16626,5
SEG_0619,Folder 20,Folder,20,16629,16635,6
SEG_0620,Folder 20,Folder,20,16636,16641,5
SEG_0622,Folder 20,Folder,20,16644,16649,5
SEG_0624,Folder 20,Folder,20,16652,16657,5
SEG_0626,Folder 20,Folder,20,16660,16665,5
SEG_0628,Folder 20,Folder,20,16668,16674,6
SEG_0629,Folder 20,Folder,20,16675,16680,5
SEG_0631,Folder 20,Folder,20,16683,16688,5
SEG_0633,Folder 20,Folder,20,16691,16698,7
SEG_0635,Folder 20,Folder,20,16701,16706,5
SEG_0637,Folder 20,Folder,20,16709,16715,6
SEG_0638,Folder 20,Folder,20,16716,16721,5
SEG_0640,Folder 20,Folder,20,16724,16729,5
SEG_0642,Folder 20,Folder,20,16732,16737,5
SEG_0644,Folder 20,Folder,20,16740,16745,5
SEG_0646,Folder 20,Folder,20,16748,16754,6
SEG_0647,Folder 20,Folder,20,16755,16760,5
SEG_0649,Folder 20,Folder,20,16763,16768,5
SEG_0651,Folder 20,Folder,20,16771,16776,5
SEG_0653,Folder 20,Folder,20,16779,16784,5
SEG_0655,Folder 20,Folder,20,16787,16793,6
SEG_0656,Folder 21,Folder,21,16794,16799,5
SEG_0658,Folder 21,Folder,21,16802,16805,3
SEG_0660,Folder 21,Folder,21,16808,16817,9
SEG_0662,Folder 21,Folder,21,16820,16827,7
SEG_0664,Folder 21,Folder,21,16830,16842,12
SEG_0665,Folder 21,Folder,21,16843,16852,9
SEG_0667,Folder 21,Folder,21,16855,16864,9
SEG_0669,Folder 21,Folder,21,16867,16874,7
SEG_0671,Folder 21,Folder,21,16877,16886,9
SEG_0673,Folder 21,Folder,21,16889,16895,6
SEG_0674,Folder 21,Folder,21,16896,16905,9
SEG_0676,Folder 21,Folder,21,16908,16913,5
SEG_0678,Folder 21,Folder,21,16916,16921,5
SEG_0680,Folder 21,Folder,21,16924,16931,7
SEG_0682,Folder 21,Folder,21,16934,16944,10
SEG_0683,Folder 21,Folder,21,16945,16952,7
SEG_0685,Folder 21,Folder,21,16955,16960,5
SEG_0687,Folder 21,Folder,21,16963,16968,5
SEG_0689,Folder 21,Folder,21,16971,16976,5
SEG_0691,Folder 21,Folder,21,16979,16985,6
SEG_0692,Folder 21,Folder,21,16986,16993,7
SEG_0694,Folder 21,Folder,21,16996,17001,5
SEG_0696,Folder 21,Folder,21,17004,17017,13
SEG_0698,Folder 21,Folder,21,17020,17031,11
SEG_0700,Folder 21,Folder,21,17034,17046,12
SEG_0701,Folder 21,Folder,21,17047,17056,9
SEG_0703,Folder 21,Folder,21,17059,17064,5
SEG_0705,Folder 21,Folder,21,17067,17072,5
SEG_0707,Folder 21,Folder,21,17075,17080,5
SEG_0709,Folder 21,Folder,21,17083,17089,6
SEG_0710,Folder 21,Folder,21,17090,17095,5
SEG_0712,Folder 21,Folder,21,17098,17103,5
SEG_0714,Folder 21,Folder,21,17106,17111,5
SEG_0716,Folder 21,Folder,21,17114,17119,5
SEG_0718,Folder 21,Folder,21,17122,17130,8
SEG_0719,Folder 21,Folder,21,17131,17142,11
SEG_0721,Folder 21,Folder,21,17145,17150,5
SEG_0723,Folder 21,Folder,21,17153,17158,5
SEG_0725,Folder 21,Folder,21,17161,17166,5
SEG_0727,Folder 21,Folder,21,17169,17179,10
SEG_0728,Folder 21,Folder,21,17180,17185,5
SEG_0730,Folder 21,Folder,21,17188,17193,5
SEG_0732,Folder 21,Folder,21,17196,17201,5
SEG_0734,Folder 21,Folder,21,17204,17211,7
SEG_0736,Folder 21,Folder,21,17214,17220,6
SEG_0737,Folder 21,Folder,21,17221,17226,5
SEG_0739,Folder 21,Folder,21,17229,17236,7
SEG_0741,Folder 21,Folder,21,17239,17244,5
SEG_0743,Folder 21,Folder,21,17247,17252,5
SEG_0745,Folder 21,Folder,21,17255,17261,6
SEG_0746,Folder 21,Folder,21,17262,17267,5
SEG_0748,Folder 21,Folder,21,17270,17275,5
SEG_0750,Folder 21,Folder,21,17278,17283,5
SEG_0752,Folder 21,Folder,21,17286,17291,5
SEG_0754,Folder 21,Folder,21,17294,17300,6
SEG_0755,Folder 21,Folder,21,17301,17306,5
SEG_0757,Folder 21,Folder,21,17309,17314,5
SEG_0759,Folder 21,Folder,21,17317,17322,5
SEG_0761,Folder 21,Folder,21,17325,17332,7
SEG_0763,Folder 21,Folder,21,17335,17341,6
SEG_0764,Folder 21,Folder,21,17342,17347,5
SEG_0766,Folder 21,Folder,21,17350,17357,7
SEG_0768,Folder 21,Folder,21,17360,17365,5
SEG_0770,Folder 21,Folder,21,17368,17373,5
SEG_0772,Folder 21,Folder,21,17376,17382,6
SEG_0773,Folder 21,Folder,21,17383,17388,5
SEG_0775,Folder 21,Folder,21,17391,17396,5
SEG_0777,Folder 21,Folder,21,17399,17406,7
SEG_0779,Folder 21,Folder,21,17409,17414,5
SEG_0781,Folder 21,Folder,21,17417,17423,6
SEG_0782,Folder 21,Folder,21,17424,17429,5
SEG_0784,Folder 21,Folder,21,17432,17437,5
SEG_0786,Folder 21,Folder,21,17440,17445,5
SEG_0788,Folder 21,Folder,21,17448,17457,9
SEG_0790,Folder 21,Folder,21,17460,17477,17
SEG_0792,Folder 21,Folder,21,17480,17485,5
SEG_0794,Folder 21,Folder,21,17488,17493,5
SEG_0796,Folder 21,Folder,21,17496,17503,7
SEG_0798,Folder 21,Folder,21,17506,17513,7
SEG_0799,Folder 21,Folder,21,17514,17521,7
SEG_0801,Folder 21,Folder,21,17524,17529,5
SEG_0803,Folder 21,Folder,21,17532,17539,7
SEG_0805,Folder 21,Folder,21,17542,17549,7
SEG_0807,Folder 21,Folder,21,17552,17558,6
SEG_0808,Folder 21,Folder,21,17559,17564,5
SEG_0810,Folder 21,Folder,21,17567,17572,5
SEG_0812,Folder 21,Folder,21,17575,17580,5
SEG_0814,Folder 21,Folder,21,17583,17588,5
SEG_0816,Folder 21,Folder,21,17591,17597,6
SEG_0817,Folder 21,Folder,21,17598,17603,5
SEG_0819,Folder 21,Folder,21,17606,17611,5
SEG_0821,Folder 21,Folder,21,17614,17619,5
SEG_0823,Folder 21,Folder,21,17622,17627,5
SEG_0825,Folder 21,Folder,21,17630,17636,6
SEG_0826,Folder 21,Folder,21,17637,17644,7
SEG_0828,Folder 21,Folder,21,17647,17654,7
SEG_0830,Folder 21,Folder,21,17657,17662,5
SEG_0832,Folder 21,Folder,21,17665,17676,11
SEG_0834,Folder 21,Folder,21,17679,17685,6
SEG_0835,Folder 21,Folder,21,17686,17693,7
SEG_0837,Folder 21,Folder,21,17696,17701,5
SEG_0839,Folder 21,Folder,21,17704,17709,5
SEG_0841,Folder 21,Folder,21,17712,17717,5
SEG_0843,Folder 21,Folder,21,17720,17728,8
SEG_0844,Folder 21,Folder,21,17729,17734,5
SEG_0846,Folder 21,Folder,21,17737,17742,5
SEG_0848,Folder 21,Folder,21,17745,17750,5
SEG_0850,Folder 21,Folder,21,17753,17758,5
SEG_0852,Folder 21,Folder,21,17761,17767,6
SEG_0853,Folder 21,Folder,21,17768,17773,5
SEG_0855,Folder 21,Folder,21,17776,17781,5
SEG_0857,Folder 21,Folder,21,17784,17791,7
SEG_0859,Folder 21,Folder,21,17794,17799,5
SEG_0861,Folder 21,Folder,21,17802,17808,6
SEG_0862,Folder 21,Folder,21,17809,17814,5
SEG_0864,Folder 21,Folder,21,17817,17822,5
SEG_0866,Folder 21,Folder,21,17825,17832,7
SEG_0868,Folder 21,Folder,21,17835,17840,5
SEG_0870,Folder 21,Folder,21,17843,17849,6
SEG_0871,Folder 21,Folder,21,17850,17855,5
SEG_0873,Folder 21,Folder,21,17858,17863,5
SEG_0875,Folder 21,Folder,21,17866,19095,1229
SEG_0876,Folder 06,Folder,06,19096,19101,5
SEG_0878,Folder 06,Folder,06,19104,19109,5
SEG_0880,Folder 06,Folder,06,19112,19119,7
SEG_0882,Folder 06,Folder,06,19122,19127,5
SEG_0884,Folder 06,Folder,06,19130,19136,6
SEG_0885,Folder 06,Folder,06,19137,19144,7
SEG_0887,Folder 06,Folder,06,19147,19158,11
SEG_0889,Folder 06,Folder,06,19161,19166,5
SEG_0891,Folder 06,Folder,06,19169,19174,5
SEG_0893,Folder 06,Folder,06,19177,19187,10
SEG_0894,Folder 06,Folder,06,19188,19193,5
SEG_0896,Folder 06,Folder,06,19196,19201,5
SEG_0898,Folder 06,Folder,06,19204,19215,11
SEG_0900,Folder 06,Folder,06,19218,19221,3
SEG_0902,Folder 06,Folder,06,19224,19230,6
SEG_0903,Folder 06,Folder,06,19231,19236,5
SEG_0905,Folder 06,Folder,06,19239,19246,7
SEG_0907,Folder 06,Folder,06,19249,19254,5
SEG_0909,Folder 06,Folder,06,19257,19262,5
SEG_0911,Folder 06,Folder,06,19265,19271,6
SEG_0912,Folder 06,Folder,06,19272,19277,5
SEG_0914,Folder 06,Folder,06,19280,19285,5
SEG_0916,Folder 06,Folder,06,19288,19293,5
SEG_0918,Folder 06,Folder,06,19296,19301,5
SEG_0920,Folder 06,Folder,06,19304,19310,6
SEG_0921,Folder 06,Folder,06,19311,19316,5
SEG_0923,Folder 06,Folder,06,19319,19326,7
SEG_0925,Folder 06,Folder,06,19329,19334,5
SEG_0927,Folder 06,Folder,06,19337,19342,5
SEG_0929,Folder 06,Folder,06,19345,19349,4
SEG_0930,Folder 06,Folder,06,19350,19355,5
SEG_0932,Folder 06,Folder,06,19358,19363,5
SEG_0934,Folder 06,Folder,06,19366,19375,9
SEG_0936,Folder 06,Folder,06,19378,19387,9
SEG_0938,Folder 06,Folder,06,19390,19396,6
SEG_0939,Folder 06,Folder,06,19397,19402,5
SEG_0941,Folder 06,Folder,06,19405,19410,5
SEG_0943,Folder 06,Folder,06,19413,19418,5
SEG_0945,Folder 06,Folder,06,19421,19426,5
SEG_0947,Folder 06,Folder,06,19429,19435,6
SEG_0948,Folder 06,Folder,06,19436,19441,5
SEG_0950,Folder 06,Folder,06,19444,19449,5
SEG_0952,Folder 06,Folder,06,19452,19457,5
SEG_0954,Folder 06,Folder,06,19460,19465,5
SEG_0956,Folder 06,Folder,06,19468,19474,6
SEG_0957,Folder 06,Folder,06,19475,19480,5
SEG_0959,Folder 06,Folder,06,19483,19488,5
SEG_0961,Folder 06,Folder,06,19491,19496,5
SEG_0963,Folder 06,Folder,06,19499,19504,5
SEG_0965,Folder 06,Folder,06,19507,19517,10
SEG_0966,Folder 06,Folder,06,19518,19523,5
SEG_0968,Folder 06,Folder,06,19526,19531,5
SEG_0970,Folder 06,Folder,06,19534,19539,5
SEG_0972,Folder 06,Folder,06,19542,19547,5
SEG_0974,Folder 06,Folder,06,19550,19556,6
SEG_0975,Folder 06,Folder,06,19557,19562,5
SEG_0977,Folder 06,Folder,06,19565,19570,5
SEG_0979,Folder 06,Folder,06,19573,19578,5
SEG_0981,Folder 06,Folder,06,19581,19586,5
SEG_0983,Folder 06,Folder,06,19589,19595,6
SEG_0984,Folder 06,Folder,06,19596,19601,5
SEG_0986,Folder 06,Folder,06,19604,19609,5
SEG_0988,Folder 06,Folder,06,19612,19619,7
SEG_0990,Folder 06,Folder,06,19622,19627,5
SEG_0992,Folder 06,Folder,06,19630,19636,6
SEG_0993,Folder 06,Folder,06,19637,19642,5
SEG_0995,Folder 06,Folder,06,19645,19650,5
SEG_0997,Folder 06,Folder,06,19653,19658,5
SEG_0999,Folder 06,Folder,06,19661,19666,5
SEG_1001,Folder 06,Folder,06,19669,19675,6
SEG_1002,Folder 06,Folder,06,19676,19681,5
SEG_1004,Folder 06,Folder,06,19684,19690,6
SEG_1005,Folder 08,Folder,08,19691,19696,5
SEG_1007,Folder 08,Folder,08,19699,19704,5
SEG_1009,Folder 08,Folder,08,19707,19712,5
SEG_1011,Folder 08,Folder,08,19715,19720,5
SEG_1013,Folder 08,Folder,08,19723,19729,6
SEG_1014,Folder 08,Folder,08,19730,19735,5
SEG_1016,Folder 08,Folder,08,19738,19743,5
SEG_1018,Folder 08,Folder,08,19746,19751,5
SEG_1020,Folder 08,Folder,08,19754,19761,7
SEG_1022,Folder 08,Folder,08,19764,19770,6
SEG_1023,Folder 08,Folder,08,19771,19778,7
SEG_1025,Folder 08,Folder,08,19781,19786,5
SEG_1027,Folder 08,Folder,08,19789,19794,5
SEG_1029,Folder 08,Folder,08,19797,19802,5
SEG_1031,Folder 08,Folder,08,19805,19811,6
SEG_1032,Folder 08,Folder,08,19812,19817,5
SEG_1034,Folder 08,Folder,08,19820,19825,5
SEG_1036,Folder 08,Folder,08,19828,19833,5
SEG_1038,Folder 08,Folder,08,19836,19841,5
SEG_1040,Folder 08,Folder,08,19844,19850,6
SEG_1041,Folder 08,Folder,08,19851,19856,5
SEG_1043,Folder 08,Folder,08,19859,19866,7
SEG_1045,Folder 08,Folder,08,19869,19880,11
SEG_1047,Folder 08,Folder,08,19883,19892,9
SEG_1049,Folder 08,Folder,08,19895,19901,6
SEG_1050,Folder 08,Folder,08,19902,24413,4511
SEG_1051,Folder 48,Folder,48,24414,24419,5
SEG_1053,Folder 48,Folder,48,24422,24427,5
SEG_1055,Folder 48,Folder,48,24430,24435,5
SEG_1057,Folder 48,Folder,48,24438,24443,5
SEG_1059,Folder 48,Folder,48,24446,24458,12
SEG_1060,Folder 48,Folder,48,24459,24464,5
SEG_1062,Folder 48,Folder,48,24467,24478,11
SEG_1064,Folder 48,Folder,48,24481,24486,5
SEG_1066,Folder 48,Folder,48,24489,24494,5
SEG_1068,Folder 48,Folder,48,24497,24503,6
SEG_1069,Folder 48,Folder,48,24504,24509,5
SEG_1071,Folder 48,Folder,48,24512,24517,5
SEG_1073,Folder 48,Folder,48,24520,24527,7
SEG_1075,Folder 48,Folder,48,24530,24537,7
SEG_1077,Folder 48,Folder,48,24540,24552,12
SEG_1078,Folder 48,Folder,48,24553,24566,13
SEG_1080,Folder 48,Folder,48,24569,24578,9
SEG_1082,Folder 48,Folder,48,24581,24590,9
SEG_1084,Folder 48,Folder,48,24593,24598,5
SEG_1086,Folder 48,Folder,48,24601,24607,6
SEG_1087,Folder 48,Folder,48,24608,24619,11
SEG_1089,Folder 48,Folder,48,24622,24629,7
SEG_1091,Folder 48,Folder,48,24632,24637,5
SEG_1093,Folder 48,Folder,48,24640,24645,5
SEG_1095,Folder 48,Folder,48,24648,24654,6
SEG_1096,Folder 48,Folder,48,24655,24660,5
SEG_1098,Folder 48,Folder,48,24663,24668,5
SEG_1100,Folder 48,Folder,48,24671,24676,5
SEG_1102,Folder 48,Folder,48,24679,24684,5
SEG_1104,Folder 48,Folder,48,24687,24695,8
SEG_1105,Folder 48,Folder,48,24696,24701,5
SEG_1107,Folder 48,Folder,48,24704,24709,5
SEG_1109,Folder 48,Folder,48,24712,24717,5
SEG_1111,Folder 48,Folder,48,24720,24725,5
SEG_1113,Folder 48,Folder,48,24728,24736,8
SEG_1114,Folder 48,Folder,48,24737,24742,5
SEG_1116,Folder 48,Folder,48,24745,24750,5
SEG_1118,Folder 48,Folder,48,24753,24758,5
SEG_1120,Folder 48,Folder,48,24761,24770,9
SEG_1122,Folder 48,Folder,48,24773,24783,10
SEG_1123,Folder 48,Folder,48,24784,24789,5
SEG_1125,Folder 48,Folder,48,24792,24797,5
SEG_1127,Folder 48,Folder,48,24800,24805,5
SEG_1129,Folder 48,Folder,48,24808,24813,5
SEG_1131,Folder 48,Folder,48,24816,24822,6
SEG_1132,Folder 48,Folder,48,24823,24828,5
SEG_1134,Folder 48,Folder,48,24831,24836,5
SEG_1136,Folder 48,Folder,48,24839,24844,5
SEG_1138,Folder 48,Folder,48,24847,24852,5
SEG_1140,Folder 48,Folder,48,24855,24863,8
SEG_1141,Folder 48,Folder,48,24864,24869,5
SEG_1143,Folder 48,Folder,48,24872,24877,5
SEG_1145,Folder 48,Folder,48,24880,24885,5
SEG_1147,Folder 48,Folder,48,24888,24893,5
SEG_1149,Folder 48,Folder,48,24896,24902,6
SEG_1150,Folder 48,Folder,48,24903,24908,5
SEG_1152,Folder 48,Folder,48,24911,24916,5
SEG_1154,Folder 48,Folder,48,24919,24924,5
SEG_1156,Folder 48,Folder,48,24927,24938,11
SEG_1158,Folder 48,Folder,48,24941,24947,6
SEG_1159,Folder 48,Folder,48,24948,24953,5
SEG_1161,Folder 48,Folder,48,24956,24961,5
SEG_1163,Folder 48,Folder,48,24964,24971,7
SEG_1165,Folder 48,Folder,48,24974,24981,7
SEG_1167,Folder 48,Folder,48,24984,24990,6
SEG_1168,Folder 48,Folder,48,24991,24996,5
SEG_1170,Folder 48,Folder,48,24999,25004,5
SEG_1172,Folder 48,Folder,48,25007,25012,5
SEG_1174,Folder 48,Folder,48,25015,25020,5
SEG_1176,Folder 48,Folder,48,25023,25029,6
SEG_1177,Folder 48,Folder,48,25030,25035,5
SEG_1179,Folder 48,Folder,48,25038,25043,5
SEG_1181,Folder 48,Folder,48,25046,25051,5
SEG_1183,Folder 48,Folder,48,25054,25059,5
SEG_1185,Folder 48,Folder,48,25062,25068,6
SEG_1186,Folder 48,Folder,48,25069,25074,5
SEG_1188,Folder 48,Folder,48,25077,25082,5
SEG_1190,Folder 48,Folder,48,25085,25090,5
SEG_1192,Folder 48,Folder,48,25093,25098,5
SEG_1194,Folder 48,Folder,48,25101,25107,6
SEG_1195,Folder 48,Folder,48,25108,25113,5
SEG_1197,Folder 48,Folder,48,25116,25121,5
SEG_1199,Folder 48,Folder,48,25124,25129,5
SEG_1201,Folder 48,Folder,48,25132,25137,5
SEG_1203,Folder 48,Folder,48,25140,25146,6
SEG_1204,Folder 48,Folder,48,25147,25152,5
SEG_1206,Folder 48,Folder,48,25155,25160,5
SEG_1208,Folder 48,Folder,48,25163,25168,5
SEG_1210,Folder 48,Folder,48,25171,25176,5
SEG_1212,Folder 48,Folder,48,25179,25185,6
SEG_1213,Folder 48,Folder,48,25186,25191,5
SEG_1215,Folder 48,Folder,48,25194,25199,5
SEG_1217,Folder 48,Folder,48,25202,25207,5
SEG_1219,Folder 48,Folder,48,25210,25219,9
SEG_1221,Folder 48,Folder,48,25222,25228,6
SEG_1222,Folder 48,Folder,48,25229,25234,5
SEG_1224,Folder 48,Folder,48,25237,25242,5
SEG_1226,Folder 48,Folder,48,25245,25250,5
SEG_1228,Folder 48,Folder,48,25253,25258,5
SEG_1230,Folder 48,Folder,48,25261,25267,6
SEG_1231,Folder 48,Folder,48,25268,25281,13
SEG_1233,Folder 48,Folder,48,25284,25289,5
SEG_1235,Folder 48,Folder,48,25292,25297,5
SEG_1237,Folder 48,Folder,48,25300,25305,5
SEG_1239,Folder 48,Folder,48,25308,25314,6
SEG_1240,Folder 48,Folder,48,25315,25322,7
SEG_1242,Folder 48,Folder,48,25325,25332,7
SEG_1244,Folder 48,Folder,48,25335,25340,5
SEG_1246,Folder 48,Folder,48,25343,25348,5
SEG_1248,Folder 48,Folder,48,25351,25357,6
SEG_1249,Folder 48,Folder,48,25358,25363,5
SEG_1251,Folder 48,Folder,48,25366,25377,11
SEG_1253,Folder 48,Folder,48,25380,25385,5
SEG_1255,Folder 48,Folder,48,25388,25393,5
SEG_1257,Folder 48,Folder,48,25396,25402,6
SEG_1258,Folder 48,Folder,48,25403,25412,9
SEG_1260,Folder 48,Folder,48,25415,25420,5
SEG_1262,Folder 48,Folder,48,25423,25428,5
SEG_1264,Folder 48,Folder,48,25431,25436,5
SEG_1266,Folder 48,Folder,48,25439,25445,6
SEG_1267,Folder 48,Folder,48,25446,25455,9
SEG_1269,Folder 48,Folder,48,25458,25465,7
SEG_1271,Folder 48,Folder,48,25468,25473,5
SEG_1273,Folder 48,Folder,48,25476,25483,7
SEG_1275,Folder 48,Folder,48,25486,25496,10
SEG_1276,Folder 48,Folder,48,25497,25502,5
SEG_1278,Folder 48,Folder,48,25505,25510,5
SEG_1280,Folder 48,Folder,48,25513,25518,5
SEG_1282,Folder 48,Folder,48,25521,25526,5
SEG_1284,Folder 48,Folder,48,25529,25535,6
SEG_1285,Folder 48,Folder,48,25536,25543,7
SEG_1287,Folder 48,Folder,48,25546,25553,7
SEG_1289,Folder 48,Folder,48,25556,25565,9
SEG_1291,Folder 48,Folder,48,25568,25575,7
SEG_1293,Folder 48,Folder,48,25578,25584,6
SEG_1294,Folder 48,Folder,48,25585,25594,9
SEG_1296,Folder 48,Folder,48,25597,25614,17
SEG_1298,Folder 48,Folder,48,25617,25622,5
SEG_1300,Folder 48,Folder,48,25625,25630,5
SEG_1302,Folder 48,Folder,48,25633,25641,8
SEG_1303,Folder 48,Folder,48,25642,25647,5
SEG_1305,Folder 48,Folder,48,25650,25655,5
SEG_1307,Folder 48,Folder,48,25658,25663,5
SEG_1309,Folder 48,Folder,48,25666,25671,5
SEG_1311,Folder 48,Folder,48,25674,25680,6
SEG_1312,Folder 48,Folder,48,25681,25686,5
SEG_1314,Folder 48,Folder,48,25689,25698,9
SEG_1316,Folder 48,Folder,48,25701,25706,5
SEG_1318,Folder 48,Folder,48,25709,25714,5
SEG_1320,Folder 48,Folder,48,25717,25723,6
SEG_1321,Folder 48,Folder,48,25724,25729,5
SEG_1323,Folder 48,Folder,48,25732,25737,5
SEG_1325,Folder 48,Folder,48,25740,25745,5
SEG_1327,Folder 48,Folder,48,25748,25753,5
SEG_1329,Folder 48,Folder,48,25756,25762,6
SEG_1330,Folder 48,Folder,48,25763,25768,5
SEG_1332,Folder 48,Folder,48,25771,25778,7
SEG_1334,Folder 48,Folder,48,25781,25786,5
SEG_1336,Folder 48,Folder,48,25789,25794,5
SEG_1338,Folder 48,Folder,48,25797,25803,6
SEG_1339,Folder 48,Folder,48,25804,25809,5
SEG_1341,Folder 48,Folder,48,25812,25817,5
SEG_1343,Folder 48,Folder,48,25820,25825,5
SEG_1345,Folder 48,Folder,48,25828,25833,5
SEG_1347,Folder 48,Folder,48,25836,25842,6
SEG_1348,Folder 48,Folder,48,25843,25848,5
SEG_1350,Folder 48,Folder,48,25851,25856,5
SEG_1352,Folder 48,Folder,48,25859,25864,5
SEG_1354,Folder 48,Folder,48,25867,25872,5
SEG_1356,Folder 48,Folder,48,25875,25881,6
SEG_1357,Folder 48,Folder,48,25882,25887,5
SEG_1359,Folder 48,Folder,48,25890,25895,5
SEG_1361,Folder 48,Folder,48,25898,25903,5
SEG_1363,Folder 48,Folder,48,25906,25911,5
SEG_1365,Folder 48,Folder,48,25914,25920,6
SEG_1366,Folder 48,Folder,48,25921,25926,5
SEG_1368,Folder 48,Folder,48,25929,25934,5
SEG_1370,Folder 48,Folder,48,25937,25942,5
SEG_1372,Folder 48,Folder,48,25945,25950,5
SEG_1374,Folder 48,Folder,48,25953,25959,6
SEG_1375,Folder 48,Folder,48,25960,25965,5
SEG_1377,Folder 48,Folder,48,25968,25973,5
SEG_1379,Folder 48,Folder,48,25976,25981,5
SEG_1381,Folder 48,Folder,48,25984,25989,5
SEG_1383,Folder 48,Folder,48,25992,25998,6
SEG_1384,Folder 48,Folder,48,25999,26004,5
SEG_1386,Folder 48,Folder,48,26007,26014,7
SEG_1388,Folder 48,Folder,48,26017,26022,5
SEG_1390,Folder 48,Folder,48,26025,26030,5
SEG_1392,Folder 48,Folder,48,26033,26039,6
SEG_1393,Folder 48,Folder,48,26040,26045,5
SEG_1395,Folder 48,Folder,48,26048,26055,7
SEG_1397,Folder 48,Folder,48,26058,26063,5
SEG_1399,Folder 48,Folder,48,26066,26071,5
SEG_1401,Folder 48,Folder,48,26074,26080,6
SEG_1402,Folder 48,Folder,48,26081,26086,5
SEG_1404,Folder 48,Folder,48,26089,26094,5
SEG_1406,Folder 48,Folder,48,26097,26102,5
SEG_1408,Folder 48,Folder,48,26105,26114,9
SEG_1410,Folder 48,Folder,48,26117,26126,9
SEG_1411,Folder 48,Folder,48,26127,26140,13
SEG_1413,Folder 48,Folder,48,26143,26148,5
SEG_1415,Folder 48,Folder,48,26151,26156,5
SEG_1417,Folder 48,Folder,48,26159,27136,977
SEG_1418,Part of,Part,of,27137,28244,1107
SEG_1419,Folder 49,Folder,49,28245,28258,13
SEG_1421,Folder 49,Folder,49,28261,28268,7
SEG_1423,Folder 49,Folder,49,28271,28280,9
SEG_1425,Folder 49,Folder,49,28283,28298,15
SEG_1427,Folder 49,Folder,49,28301,28311,10
SEG_1428,Folder 49,Folder,49,28312,28319,7
SEG_1430,Folder 49,Folder,49,28322,28335,13
SEG_1432,Folder 49,Folder,49,28338,28355,17
SEG_1434,Folder 49,Folder,49,28358,28367,9
SEG_1436,Folder 49,Folder,49,28370,28382,12
SEG_1437,Folder 49,Folder,49,28383,28392,9
SEG_1439,Folder 49,Folder,49,28395,28404,9
SEG_1441,Folder 49,Folder,49,28407,28416,9
SEG_1443,Folder 49,Folder,49,28419,28428,9
SEG_1445,Folder 49,Folder,49,28431,28441,10
SEG_1446,Folder 49,Folder,49,28442,28455,13
SEG_1448,Folder 49,Folder,49,28458,28471,13
SEG_1450,Folder 49,Folder,49,28474,28483,9
SEG_1452,Folder 49,Folder,49,28486,28491,5
SEG_1454,Folder 49,Folder,49,28494,28506,12
SEG_1455,Folder 49,Folder,49,28507,28520,13
SEG_1457,Folder 49,Folder,49,28523,28532,9
SEG_1459,Folder 49,Folder,49,28535,28546,11
SEG_1461,Folder 49,Folder,49,28549,28560,11
SEG_1463,Folder 49,Folder,49,28563,28577,14
SEG_1464,Folder 49,Folder,49,28578,28589,11
SEG_1466,Folder 49,Folder,49,28592,28599,7
SEG_1468,Folder 49,Folder,49,28602,28609,7
SEG_1470,Folder 49,Folder,49,28612,28619,7
SEG_1472,Folder 49,Folder,49,28622,28630,8
SEG_1473,Folder 49,Folder,49,28631,28644,13
SEG_1475,Folder 49,Folder,49,28647,28652,5
SEG_1477,Folder 49,Folder,49,28655,28664,9
SEG_1479,Folder 49,Folder,49,28667,28670,3
SEG_1481,Folder 49,Folder,49,28673,28685,12
SEG_1482,Folder 49,Folder,49,28686,28695,9
SEG_1484,Folder 49,Folder,49,28698,28707,9
SEG_1486,Folder 49,Folder,49,28710,28717,7
SEG_1488,Folder 49,Folder,49,28720,28727,7
SEG_1490,Folder 49,Folder,49,28730,28738,8
SEG_1491,Folder 49,Folder,49,28739,28748,9
SEG_1493,Folder 49,Folder,49,28751,28756,5
SEG_1495,Folder 49,Folder,49,28759,28768,9
SEG_1497,Folder 49,Folder,49,28771,28782,11
SEG_1499,Folder 49,Folder,49,28785,28803,18
SEG_1500,Folder 49,Folder,49,28804,28811,7
SEG_1502,Folder 49,Folder,49,28814,28825,11
SEG_1504,Folder 49,Folder,49,28828,28839,11
SEG_1506,Folder 49,Folder,49,28842,28857,15
SEG_1508,Folder 49,Folder,49,28860,28868,8
SEG_1509,Folder 49,Folder,49,28869,28874,5
SEG_1511,Folder 49,Folder,49,28877,28882,5
SEG_1513,Folder 49,Folder,49,28885,28894,9
SEG_1515,Folder 49,Folder,49,28897,28904,7
SEG_1517,Folder 49,Folder,49,28907,28919,12
SEG_1518,Folder 49,Folder,49,28920,28931,11
SEG_1520,Folder 49,Folder,49,28934,28945,11
SEG_1522,Folder 49,Folder,49,28948,28957,9
SEG_1524,Folder 49,Folder,49,28960,28967,7
SEG_1526,Folder 49,Folder,49,28970,28980,10
SEG_1527,Folder 49,Folder,49,28981,28990,9
SEG_1529,Folder 49,Folder,49,28993,29002,9
SEG_1531,Folder 49,Folder,49,29005,29012,7
SEG_1533,Folder 49,Folder,49,29015,29028,13
SEG_1535,Folder 49,Folder,49,29031,29043,12
SEG_1536,Folder 49,Folder,49,29044,29055,11
SEG_1538,Folder 49,Folder,49,29058,29069,11
SEG_1540,Folder 49,Folder,49,29072,29079,7
SEG_1542,Folder 49,Folder,49,29082,29093,11
SEG_1544,Folder 49,Folder,49,29096,29104,8
SEG_1545,Folder 49,Folder,49,29105,29114,9
SEG_1547,Folder 49,Folder,49,29117,29122,5
SEG_1549,Folder 49,Folder,49,29125,29138,13
SEG_1551,Folder 49,Folder,49,29141,29156,15
SEG_1553,Folder 49,Folder,49,29159,29170,11
SEG_1554,Folder 49,Folder,49,29171,29188,17
SEG_1556,Folder 49,Folder,49,29191,29202,11
SEG_1558,Folder 49,Folder,49,29205,29216,11
SEG_1560,Folder 49,Folder,49,29219,29226,7
SEG_1562,Folder 49,Folder,49,29229,29243,14
SEG_1563,Folder 49,Folder,49,29244,29255,11
SEG_1565,Folder 49,Folder,49,29258,29275,17
SEG_1567,Folder 49,Folder,49,29278,29289,11
SEG_1569,Folder 49,Folder,49,29292,29307,15
SEG_1571,Folder 49,Folder,49,29310,29320,10
SEG_1572,Folder 49,Folder,49,29321,29336,15
SEG_1574,Folder 49,Folder,49,29339,29352,13
SEG_1576,Folder 49,Folder,49,29355,29370,15
SEG_1578,Folder 49,Folder,49,29373,29380,7
SEG_1580,Folder 49,Folder,49,29383,29393,10
SEG_1581,Folder 49,Folder,49,29394,29401,7
SEG_1583,Folder 49,Folder,49,29404,29423,19
SEG_1585,Folder 49,Folder,49,29426,29435,9
SEG_1587,Folder 49,Folder,49,29438,29445,7
SEG_1589,Folder 49,Folder,49,29448,29466,18
SEG_1590,Folder 49,Folder,49,29467,29476,9
SEG_1592,Folder 49,Folder,49,29479,29492,13
SEG_1594,Folder 49,Folder,49,29495,29504,9
SEG_1596,Folder 49,Folder,49,29507,29514,7
SEG_1598,Folder 49,Folder,49,29517,29521,4
SEG_1599,Folder 49,Folder,49,29522,29527,5
SEG_1601,Folder 49,Folder,49,29530,29537,7
SEG_1603,Folder 49,Folder,49,29540,29543,3
SEG_1605,Folder 49,Folder,49,29546,29551,5
SEG_1607,Folder 49,Folder,49,29554,29560,6
SEG_1608,Folder 49,Folder,49,29561,29568,7
SEG_1610,Folder 49,Folder,49,29571,29578,7
SEG_1612,Folder 49,Folder,49,29581,29588,7
SEG_1614,Folder 49,Folder,49,29591,29600,9
SEG_1616,Folder 49,Folder,49,29603,29617,14
SEG_1617,Folder 49,Folder,49,29618,29625,7
SEG_1619,Folder 49,Folder,49,29628,29635,7
SEG_1621,Folder 49,Folder,49,29638,29647,9
SEG_1623,Folder 49,Folder,49,29650,29655,5
SEG_1625,Folder 49,Folder,49,29658,29670,12
SEG_1626,Folder 49,Folder,49,29671,29678,7
SEG_1628,Folder 49,Folder,49,29681,29688,7
SEG_1630,Folder 49,Folder,49,29691,29706,15
SEG_1632,Folder 49,Folder,49,29709,29722,13
SEG_1634,Folder 49,Folder,49,29725,29735,10
SEG_1635,Folder 49,Folder,49,29736,29749,13
SEG_1637,Folder 49,Folder,49,29752,29757,5
SEG_1639,Folder 49,Folder,49,29760,29763,3
SEG_1641,Folder 49,Folder,49,29766,29771,5
SEG_1643,Folder 49,Folder,49,29774,29782,8
SEG_1644,Folder 49,Folder,49,29783,29796,13
SEG_1646,Folder 49,Folder,49,29799,29806,7
SEG_1648,Folder 49,Folder,49,29809,29816,7
SEG_1650,Folder 49,Folder,49,29819,29828,9
SEG_1652,Folder 49,Folder,49,29831,29845,14
SEG_1653,Folder 49,Folder,49,29846,29849,3
SEG_1655,Folder 49,Folder,49,29852,29863,11
SEG_1657,Folder 49,Folder,49,29866,29871,5
SEG_1659,Folder 49,Folder,49,29874,29877,3
SEG_1661,Folder 49,Folder,49,29880,29888,8
SEG_1662,Folder 49,Folder,49,29889,29898,9
SEG_1664,Folder 49,Folder,49,29901,29908,7
SEG_1666,Folder 49,Folder,49,29911,29916,5
SEG_1668,Folder 49,Folder,49,29919,29932,13
SEG_1670,Folder 49,Folder,49,29935,29945,10
SEG_1671,Folder 49,Folder,49,29946,29955,9
SEG_1673,Folder 49,Folder,49,29958,29965,7
SEG_1675,Folder 49,Folder,49,29968,29973,5
SEG_1677,Folder 49,Folder,49,29976,29989,13
SEG_1679,Folder 49,Folder,49,29992,30006,14
SEG_1680,Folder 49,Folder,49,30007,30016,9
SEG_1682,Folder 49,Folder,49,30019,30028,9
SEG_1684,Folder 49,Folder,49,30031,30040,9
SEG_1686,Folder 49,Folder,49,30043,30056,13
SEG_1688,Folder 49,Folder,49,30059,30067,8
SEG_1689,Folder 49,Folder,49,30068,30071,3
SEG_1691,Folder 49,Folder,49,30074,30081,7
SEG_1693,Folder 49,Folder,49,30084,30095,11
SEG_1695,Folder 49,Folder,49,30098,30107,9
SEG_1697,Folder 49,Folder,49,30110,30124,14
SEG_1698,Folder 49,Folder,49,30125,30148,23
SEG_1700,Folder 49,Folder,49,30151,30158,7
SEG_1702,Folder 49,Folder,49,30161,30168,7
SEG_1704,Folder 49,Folder,49,30171,30180,9
SEG_1706,Folder 49,Folder,49,30183,30197,14
SEG_1707,Folder 49,Folder,49,30198,30213,15
SEG_1709,Folder 49,Folder,49,30216,30225,9
SEG_1711,Folder 49,Folder,49,30228,30235,7
SEG_1713,Folder 49,Folder,49,30238,30248,10
SEG_1714,Folder 82,Folder,82,30249,30258,9
SEG_1716,Folder 82,Folder,82,30261,30280,19
SEG_1718,Folder 82,Folder,82,30283,30294,11
SEG_1720,Folder 82,Folder,82,30297,30308,11
SEG_1722,Folder 82,Folder,82,30311,30319,8
SEG_1723,Folder 82,Folder,82,30320,30325,5
SEG_1725,Folder 82,Folder,82,30328,30333,5
SEG_1727,Folder 82,Folder,82,30336,30341,5
SEG_1729,Folder 82,Folder,82,30344,30347,3
SEG_1731,Folder 82,Folder,82,30350,30356,6
SEG_1732,Folder 82,Folder,82,30357,30360,3
SEG_1734,Folder 82,Folder,82,30363,30370,7
SEG_1736,Folder 82,Folder,82,30373,30378,5
SEG_1738,Folder 82,Folder,82,30381,30386,5
SEG_1740,Folder 82,Folder,82,30389,30395,6
SEG_1741,Folder 82,Folder,82,30396,30401,5
SEG_1743,Folder 82,Folder,82,30404,30409,5
SEG_1745,Folder 82,Folder,82,30412,30415,3
SEG_1747,Folder 82,Folder,82,30418,30421,3
SEG_1749,Folder 82,Folder,82,30424,30428,4
SEG_1750,Folder 82,Folder,82,30429,30434,5
SEG_1752,Folder 82,Folder,82,30437,30440,3
SEG_1754,Folder 82,Folder,82,30443,30452,9
SEG_1756,Folder 82,Folder,82,30455,30466,11
SEG_1758,Folder 82,Folder,82,30469,30485,16
SEG_1759,Folder 82,Folder,82,30486,30501,15
SEG_1761,Folder 82,Folder,82,30504,30511,7
SEG_1763,Folder 82,Folder,82,30514,30525,11
SEG_1765,Folder 82,Folder,82,30528,30535,7
SEG_1767,Folder 82,Folder,82,30538,30546,8
SEG_1768,Folder 82,Folder,82,30547,30556,9
SEG_1770,Folder 82,Folder,82,30559,30570,11
SEG_1772,Folder 82,Folder,82,30573,30582,9
SEG_1774,Folder 82,Folder,82,30585,30594,9
SEG_1776,Folder 82,Folder,82,30597,30611,14
SEG_1777,Folder 82,Folder,82,30612,30617,5
SEG_1779,Folder 82,Folder,82,30620,30627,7
SEG_1781,Folder 82,Folder,82,30630,30637,7
SEG_1783,Folder 82,Folder,82,30640,30659,19
SEG_1785,Folder 82,Folder,82,30662,30672,10
SEG_1786,Folder 82,Folder,82,30673,30678,5
SEG_1788,Folder 82,Folder,82,30681,30690,9
SEG_1790,Folder 82,Folder,82,30693,30700,7
SEG_1792,Folder 82,Folder,82,30703,30712,9
SEG_1794,Folder 82,Folder,82,30715,30725,10
SEG_1795,Folder 82,Folder,82,30726,30731,5
SEG_1797,Folder 82,Folder,82,30734,30739,5
SEG_1799,Folder 82,Folder,82,30742,30747,5
SEG_1801,Folder 82,Folder,82,30750,30755,5
SEG_1803,Folder 82,Folder,82,30758,30764,6
SEG_1804,Folder 82,Folder,82,30765,30770,5
SEG_1806,Folder 82,Folder,82,30773,30778,5
SEG_1808,Folder 82,Folder,82,30781,30786,5
SEG_1810,Folder 82,Folder,82,30789,30794,5
SEG_1812,Folder 82,Folder,82,30797,30803,6
SEG_1813,Folder 82,Folder,82,30804,30809,5
SEG_1815,Folder 82,Folder,82,30812,30817,5
SEG_1817,Folder 82,Folder,82,30820,30825,5
SEG_1819,Folder 82,Folder,82,30828,30833,5
SEG_1821,Folder 82,Folder,82,30836,30842,6
SEG_1822,Folder 82,Folder,82,30843,30848,5
SEG_1824,Folder 82,Folder,82,30851,30856,5
SEG_1826,Folder 82,Folder,82,30859,30864,5
SEG_1828,Folder 82,Folder,82,30867,30872,5
SEG_1830,Folder 82,Folder,82,30875,30881,6
SEG_1831,Folder 82,Folder,82,30882,30887,5
SEG_1833,Folder 82,Folder,82,30890,30895,5
SEG_1835,Folder 82,Folder,82,30898,30901,3
SEG_1837,Folder 82,Folder,82,30904,30909,5
SEG_1839,Folder 82,Folder,82,30912,30916,4
SEG_1840,Folder 82,Folder,82,30917,30922,5
SEG_1842,Folder 82,Folder,82,30925,30932,7
SEG_1844,Folder 82,Folder,82,30935,30940,5
SEG_1846,Folder 82,Folder,82,30943,30948,5
SEG_1848,Folder 82,Folder,82,30951,30957,6
SEG_1849,Folder 82,Folder,82,30958,30963,5
SEG_1851,Folder 82,Folder,82,30966,30971,5
SEG_1853,Folder 82,Folder,82,30974,30979,5
SEG_1855,Folder 82,Folder,82,30982,30987,5
SEG_1857,Folder 82,Folder,82,30990,30996,6
SEG_1858,Folder 82,Folder,82,30997,31002,5
SEG_1860,Folder 82,Folder,82,31005,31010,5
SEG_1862,Folder 82,Folder,82,31013,31018,5
SEG_1864,Folder 82,Folder,82,31021,31026,5
SEG_1866,Folder 82,Folder,82,31029,31033,4
SEG_1867,Folder 82,Folder,82,31034,31039,5
SEG_1869,Folder 82,Folder,82,31042,31047,5
SEG_1871,Folder 82,Folder,82,31050,31055,5
SEG_1873,Folder 82,Folder,82,31058,31063,5
SEG_1875,Folder 82,Folder,82,31066,31072,6
SEG_1876,Folder 82,Folder,82,31073,31078,5
SEG_1878,Folder 82,Folder,82,31081,31086,5
SEG_1880,Folder 82,Folder,82,31089,31092,3
SEG_1882,Folder 82,Folder,82,31095,31100,5
SEG_1884,Folder 82,Folder,82,31103,31109,6
SEG_1885,Folder 82,Folder,82,31110,31115,5
SEG_1887,Folder 82,Folder,82,31118,31123,5
SEG_1889,Folder 82,Folder,82,31126,31131,5
SEG_1891,Folder 82,Folder,82,31134,31141,7
SEG_1893,Folder 82,Folder,82,31144,31150,6
SEG_1894,Folder 82,Folder,82,31151,31156,5
SEG_1896,Folder 82,Folder,82,31159,31164,5
SEG_1898,Folder 82,Folder,82,31167,31172,5
SEG_1900,Folder 82,Folder,82,31175,31180,5
SEG_1902,Folder 82,Folder,82,31183,31189,6
SEG_1903,Folder 82,Folder,82,31190,31195,5
SEG_1905,Folder 82,Folder,82,31198,31203,5
SEG_1907,Folder 82,Folder,82,31206,31209,3
SEG_1909,Folder 82,Folder,82,31212,31215,3
SEG_1911,Folder 82,Folder,82,31218,31222,4
SEG_1912,Folder 82,Folder,82,31223,31226,3
SEG_1914,Folder 82,Folder,82,31229,31234,5
SEG_1916,Folder 82,Folder,82,31237,31244,7
SEG_1918,Folder 82,Folder,82,31247,31256,9
SEG_1920,Folder 82,Folder,82,31259,31269,10
SEG_1921,Folder 82,Folder,82,31270,31275,5
SEG_1923,Folder 82,Folder,82,31278,31283,5
SEG_1925,Folder 82,Folder,82,31286,31291,5
SEG_1927,Folder 82,Folder,82,31294,31299,5
SEG_1929,Folder 82,Folder,82,31302,31308,6
SEG_1930,Folder 82,Folder,82,31309,31314,5
SEG_1932,Folder 82,Folder,82,31317,31322,5
SEG_1934,Folder 82,Folder,82,31325,31330,5
SEG_1936,Folder 82,Folder,82,31333,31338,5
SEG_1938,Folder 82,Folder,82,31341,31347,6
SEG_1939,Folder 82,Folder,82,31348,31355,7
SEG_1941,Folder 82,Folder,82,31358,31363,5
SEG_1943,Folder 82,Folder,82,31366,31373,7
SEG_1945,Folder 82,Folder,82,31376,31381,5
SEG_1947,Folder 82,Folder,82,31384,31390,6
SEG_1948,Folder 82,Folder,82,31391,31396,5
SEG_1950,Folder 82,Folder,82,31399,31404,5
SEG_1952,Folder 82,Folder,82,31407,31412,5
SEG_1954,Folder 82,Folder,82,31415,31420,5
SEG_1956,Folder 82,Folder,82,31423,32015,592
SEG_1957,Part two,Part,two,32016,33982,1966
SEG_1958,Folder 01,Folder,01,33983,33989,6
SEG_1959,Folder 01,Folder,01,33990,34005,15
SEG_1960,Folder 01,Folder,01,34006,34013,7
SEG_1961,Folder 01,Folder,01,34014,34021,7
SEG_1962,Folder 01,Folder,01,34022,34033,11
SEG_1963,Folder 01,Folder,01,34034,34046,12
SEG_1964,Folder 01,Folder,01,34047,34060,13
SEG_1965,Folder 01,Folder,01,34061,34072,11
SEG_1966,Folder 01,Folder,01,34073,34084,11
SEG_1967,Folder 01,Folder,01,34085,34102,17
SEG_1968,Folder 01,Folder,01,34103,34110,7
SEG_1969,Folder 01,Folder,01,34111,34120,9
SEG_1970,Folder 01,Folder,01,34121,34130,9
SEG_1971,Folder 01,Folder,01,34131,34145,14
SEG_1972,Folder 01,Folder,01,34146,34153,7
SEG_1973,Folder 01,Folder,01,34154,34161,7
SEG_1974,Folder 01,Folder,01,34162,34169,7
SEG_1975,Folder 01,Folder,01,34170,34200,30
SEG_1976,Folder 01,Folder,01,34201,34210,9
SEG_1977,Folder 01,Folder,01,34211,34218,7
SEG_1978,Folder 01,Folder,01,34219,34225,6
SEG_1979,Folder 01,Folder,01,34226,34240,14
SEG_1980,Folder 01,Folder,01,34241,34250,9
SEG_1981,Folder 01,Folder,01,34251,34258,7
SEG_1982,Folder 01,Folder,01,34259,34266,7
SEG_1983,Folder 01,Folder,01,34267,34281,14
SEG_1984,Folder 01,Folder,01,34282,34291,9
SEG_1985,Folder 01,Folder,01,34292,34299,7
SEG_1986,Folder 01,Folder,01,34300,34309,9
SEG_1987,Folder 01,Folder,01,34310,34322,12
SEG_1988,Folder 01,Folder,01,34323,34332,9
SEG_1989,Folder 01,Folder,01,34333,34341,8
SEG_1990,Folder 01,Folder,01,34342,38642,4300
SEG_1991,Folder 84,Folder,84,38643,38648,5
SEG_1993,Folder 84,Folder,84,38651,38666,15
SEG_1995,Folder 84,Folder,84,38669,38680,11
SEG_1997,Folder 84,Folder,84,38683,38692,9
SEG_1999,Folder 84,Folder,84,38695,38705,10
SEG_2000,Folder 84,Folder,84,38706,38715,9
SEG_2002,Folder 84,Folder,84,38718,38729,11
SEG_2004,Folder 84,Folder,84,38732,38735,3
SEG_2006,Folder 84,Folder,84,38738,38749,11
SEG_2008,Folder 84,Folder,84,38752,38760,8
SEG_2009,Folder 84,Folder,84,38761,38771,10
SEG_2010,Folder 90,Folder,90,38772,38785,13
SEG_2012,Folder 90,Folder,90,38788,38797,9
SEG_2014,Folder 90,Folder,90,38800,38809,9
SEG_2016,Folder 90,Folder,90,38812,38817,5
SEG_2018,Folder 90,Folder,90,38820,38826,6
SEG_2019,Folder 90,Folder,90,38827,38836,9
SEG_2021,Folder 90,Folder,90,38839,38844,5
SEG_2023,Folder 90,Folder,90,38847,38852,5
SEG_2025,Folder 90,Folder,90,38855,38862,7
SEG_2027,Folder 90,Folder,90,38865,38873,8
SEG_2028,Folder 90,Folder,90,38874,38881,7
SEG_2030,Folder 90,Folder,90,38884,38899,15
SEG_2032,Folder 90,Folder,90,38902,38907,5
SEG_2034,Folder 90,Folder,90,38910,38915,5
SEG_2036,Folder 90,Folder,90,38918,38924,6
SEG_2037,Folder 90,Folder,90,38925,38930,5
SEG_2039,Folder 90,Folder,90,38933,38938,5
SEG_2041,Folder 90,Folder,90,38941,38946,5
SEG_2043,Folder 90,Folder,90,38949,38954,5
SEG_2045,Folder 90,Folder,90,38957,38963,6
SEG_2046,Folder 90,Folder,90,38964,38969,5
SEG_2048,Folder 90,Folder,90,38972,38977,5
SEG_2050,Folder 90,Folder,90,38980,38989,9
SEG_2052,Folder 90,Folder,90,38992,38997,5
SEG_2054,Folder 90,Folder,90,39000,39006,6
SEG_2055,Folder 90,Folder,90,39007,39014,7
SEG_2057,Folder 90,Folder,90,39017,39022,5
SEG_2059,Folder 90,Folder,90,39025,39032,7
SEG_2061,Folder 90,Folder,90,39035,39044,9
SEG_2063,Folder 90,Folder,90,39047,39053,6
SEG_2064,Folder 90,Folder,90,39054,39059,5
SEG_2066,Folder 90,Folder,90,39062,39067,5
SEG_2068,Folder 90,Folder,90,39070,39075,5
SEG_2070,Folder 90,Folder,90,39078,39083,5
SEG_2072,Folder 90,Folder,90,39086,39092,6
SEG_2073,Folder 90,Folder,90,39093,39098,5
SEG_2075,Folder 90,Folder,90,39101,39106,5
SEG_2077,Folder 90,Folder,90,39109,39114,5
SEG_2079,Folder 90,Folder,90,39117,39122,5
SEG_2081,Folder 90,Folder,90,39125,39131,6
SEG_2082,Folder 90,Folder,90,39132,39137,5
SEG_2084,Folder 90,Folder,90,39140,39145,5
SEG_2086,Folder 90,Folder,90,39148,39153,5
SEG_2088,Folder 90,Folder,90,39156,39161,5
SEG_2090,Folder 90,Folder,90,39164,39170,6
SEG_2091,Folder 90,Folder,90,39171,39176,5
SEG_2093,Folder 90,Folder,90,39179,39184,5
SEG_2095,Folder 90,Folder,90,39187,39192,5
SEG_2097,Folder 90,Folder,90,39195,39200,5
SEG_2099,Folder 90,Folder,90,39203,39209,6
SEG_2100,Folder 90,Folder,90,39210,39215,5
SEG_2102,Folder 90,Folder,90,39218,39223,5
SEG_2104,Folder 90,Folder,90,39226,39231,5
SEG_2106,Folder 90,Folder,90,39234,39239,5
SEG_2108,Folder 90,Folder,90,39242,39248,6
SEG_2109,Folder 90,Folder,90,39249,39256,7
SEG_2111,Folder 90,Folder,90,39259,39264,5
SEG_2113,Folder 90,Folder,90,39267,39272,5
SEG_2115,Folder 90,Folder,90,39275,39280,5
SEG_2117,Folder 90,Folder,90,39283,39289,6
SEG_2118,Folder 90,Folder,90,39290,39295,5
SEG_2120,Folder 90,Folder,90,39298,39303,5
SEG_2122,Folder 90,Folder,90,39306,39315,9
SEG_2124,Folder 90,Folder,90,39318,39323,5
SEG_2126,Folder 90,Folder,90,39326,39332,6
SEG_2127,Folder 90,Folder,90,39333,39338,5
SEG_2129,Folder 90,Folder,90,39341,39346,5
SEG_2131,Folder 90,Folder,90,39349,39354,5
SEG_2133,Folder 90,Folder,90,39357,39362,5
SEG_2135,Folder 90,Folder,90,39365,39371,6
SEG_2136,Folder 90,Folder,90,39372,39377,5
SEG_2138,Folder 90,Folder,90,39380,39385,5
SEG_2140,Folder 90,Folder,90,39388,39393,5
SEG_2142,Folder 90,Folder,90,39396,39401,5
SEG_2144,Folder 90,Folder,90,39404,39410,6
SEG_2145,Folder 90,Folder,90,39411,39416,5
SEG_2147,Folder 90,Folder,90,39419,39424,5
SEG_2149,Folder 90,Folder,90,39427,39432,5
SEG_2151,Folder 90,Folder,90,39435,39440,5
SEG_2153,Folder 90,Folder,90,39443,39449,6
SEG_2154,Folder 90,Folder,90,39450,39455,5
SEG_2156,Folder 90,Folder,90,39458,39463,5
SEG_2158,Folder 90,Folder,90,39466,39471,5
SEG_2160,Folder 90,Folder,90,39474,39479,5
SEG_2162,Folder 90,Folder,90,39482,39488,6
SEG_2163,Folder 90,Folder,90,39489,39494,5
SEG_2165,Folder 90,Folder,90,39497,39502,5
SEG_2167,Folder 90,Folder,90,39505,39510,5
SEG_2169,Folder 90,Folder,90,39513,39518,5
SEG_2171,Folder 90,Folder,90,39521,39528,7
SEG_2172,Folder 90,Folder,90,39529,39534,5
SEG_2174,Folder 90,Folder,90,39537,39544,7
SEG_2176,Folder 90,Folder,90,39547,39552,5
SEG_2178,Folder 90,Folder,90,39555,39560,5
SEG_2180,Folder 90,Folder,90,39563,39569,6
SEG_2181,Folder 90,Folder,90,39570,39575,5
SEG_2183,Folder 90,Folder,90,39578,39583,5
SEG_2185,Folder 90,Folder,90,39586,39589,3
SEG_2187,Folder 90,Folder,90,39592,39597,5
SEG_2189,Folder 90,Folder,90,39600,39606,6
SEG_2190,Folder 90,Folder,90,39607,39612,5
SEG_2192,Folder 90,Folder,90,39615,39620,5
SEG_2194,Folder 90,Folder,90,39623,39628,5
SEG_2196,Folder 90,Folder,90,39631,39636,5
SEG_2198,Folder 90,Folder,90,39639,39645,6
SEG_2199,Folder 90,Folder,90,39646,39651,5
SEG_2201,Folder 90,Folder,90,39654,39659,5
SEG_2203,Folder 90,Folder,90,39662,39667,5
SEG_2205,Folder 90,Folder,90,39670,39675,5
SEG_2207,Folder 90,Folder,90,39678,39684,6
SEG_2208,Folder 90,Folder,90,39685,39690,5
SEG_2210,Folder 90,Folder,90,39693,39698,5
SEG_2212,Folder 90,Folder,90,39701,39706,5
SEG_2214,Folder 90,Folder,90,39709,39714,5
SEG_2216,Folder 90,Folder,90,39717,39723,6
SEG_2217,Folder 90,Folder,90,39724,39731,7
SEG_2219,Folder 90,Folder,90,39734,39739,5
SEG_2221,Folder 90,Folder,90,39742,39747,5
SEG_2223,Folder 90,Folder,90,39750,39755,5
SEG_2225,Folder 90,Folder,90,39758,39764,6
SEG_2226,Folder 90,Folder,90,39765,39770,5
SEG_2228,Folder 90,Folder,90,39773,39778,5
SEG_2230,Folder 90,Folder,90,39781,39786,5
SEG_2232,Folder 90,Folder,90,39789,39794,5
SEG_2234,Folder 90,Folder,90,39797,39803,6
SEG_2235,Folder 90,Folder,90,39804,39809,5
SEG_2237,Folder 90,Folder,90,39812,39817,5
SEG_2239,Folder 90,Folder,90,39820,39825,5
SEG_2241,Folder 90,Folder,90,39828,39833,5
SEG_2243,Folder 90,Folder,90,39836,39842,6
SEG_2244,Folder 90,Folder,90,39843,39848,5
SEG_2246,Folder 90,Folder,90,39851,39856,5
SEG_2248,Folder 90,Folder,90,39859,39864,5
SEG_2250,Folder 90,Folder,90,39867,39872,5
SEG_2252,Folder 90,Folder,90,39875,39881,6
SEG_2253,Folder 90,Folder,90,39882,39887,5
SEG_2255,Folder 90,Folder,90,39890,39899,9
SEG_2257,Folder 90,Folder,90,39902,39907,5
SEG_2259,Folder 90,Folder,90,39910,39915,5
SEG_2261,Folder 90,Folder,90,39918,39924,6
SEG_2262,Folder 90,Folder,90,39925,39930,5
SEG_2264,Folder 90,Folder,90,39933,39938,5
SEG_2266,Folder 90,Folder,90,39941,39946,5
SEG_2268,Folder 90,Folder,90,39949,39954,5
SEG_2270,Folder 90,Folder,90,39957,39963,6
SEG_2271,Folder 90,Folder,90,39964,39969,5
SEG_2273,Folder 90,Folder,90,39972,39977,5
SEG_2275,Folder 90,Folder,90,39980,39985,5
SEG_2277,Folder 90,Folder,90,39988,39993,5
SEG_2279,Folder 90,Folder,90,39996,40002,6
SEG_2280,Folder 90,Folder,90,40003,40008,5
SEG_2282,Folder 90,Folder,90,40011,40016,5
SEG_2284,Folder 90,Folder,90,40019,40024,5
SEG_2286,Folder 90,Folder,90,40027,40032,5
SEG_2288,Folder 90,Folder,90,40035,40041,6
SEG_2289,Folder 90,Folder,90,40042,40047,5
SEG_2291,Folder 90,Folder,90,40050,40055,5
SEG_2293,Folder 90,Folder,90,40058,40063,5
SEG_2295,Folder 90,Folder,90,40066,40071,5
SEG_2297,Folder 90,Folder,90,40074,40080,6
SEG_2298,Folder 90,Folder,90,40081,40086,5
SEG_2300,Folder 90,Folder,90,40089,40094,5
SEG_2302,Folder 90,Folder,90,40097,40102,5
SEG_2304,Folder 90,Folder,90,40105,40110,5
SEG_2306,Folder 90,Folder,90,40113,40119,6
SEG_2307,Folder 90,Folder,90,40120,40125,5
SEG_2309,Folder 90,Folder,90,40128,40133,5
SEG_2311,Folder 90,Folder,90,40136,40141,5
SEG_2313,Folder 90,Folder,90,40144,40149,5
SEG_2315,Folder 90,Folder,90,40152,40158,6
SEG_2316,Folder 90,Folder,90,40159,40164,5
SEG_2318,Folder 90,Folder,90,40167,40172,5
SEG_2320,Folder 90,Folder,90,40175,40180,5
SEG_2322,Folder 90,Folder,90,40183,40188,5
SEG_2324,Folder 90,Folder,90,40191,40201,10
SEG_2325,Folder 90,Folder,90,40202,40217,15
SEG_2327,Folder 90,Folder,90,40220,40231,11
SEG_2329,Folder 90,Folder,90,40234,40239,5
SEG_2331,Folder 90,Folder,90,40242,40247,5
SEG_2333,Folder 90,Folder,90,40250,40256,6
SEG_2334,Folder 90,Folder,90,40257,40262,5
SEG_2336,Folder 90,Folder,90,40265,40270,5
SEG_2338,Folder 90,Folder,90,40273,40280,7
SEG_2340,Folder 90,Folder,90,40283,40288,5
SEG_2342,Folder 90,Folder,90,40291,40297,6
SEG_2343,Folder 90,Folder,90,40298,40303,5
SEG_2345,Folder 90,Folder,90,40306,40315,9
SEG_2347,Folder 90,Folder,90,40318,40323,5
SEG_2349,Folder 90,Folder,90,40326,40331,5
SEG_2351,Folder 90,Folder,90,40334,40340,6
SEG_2352,Folder 90,Folder,90,40341,40348,7
SEG_2354,Folder 90,Folder,90,40351,40356,5
SEG_2356,Folder 90,Folder,90,40359,40364,5
SEG_2358,Folder 90,Folder,90,40367,40372,5
SEG_2360,Folder 90,Folder,90,40375,40381,6
SEG_2361,Folder 90,Folder,90,40382,40387,5
SEG_2363,Folder 90,Folder,90,40390,40395,5
SEG_2365,Folder 90,Folder,90,40398,40403,5
SEG_2367,Folder 90,Folder,90,40406,40411,5
SEG_2369,Folder 90,Folder,90,40414,40420,6
SEG_2370,Folder 90,Folder,90,40421,40426,5
SEG_2372,Folder 90,Folder,90,40429,40434,5
SEG_2374,Folder 90,Folder,90,40437,44701,4264
SEG_2375,Folder 55,Folder,55,44702,44711,9
SEG_2377,Folder 55,Folder,55,44714,44721,7
SEG_2379,Folder 55,Folder,55,44724,44729,5
SEG_2381,Folder 55,Folder,55,44732,44737,5
SEG_2383,Folder 55,Folder,55,44740,44746,6
SEG_2384,Folder 55,Folder,55,44747,44752,5
SEG_2386,Folder 55,Folder,55,44755,44760,5
SEG_2388,Folder 55,Folder,55,44763,44770,7
SEG_2390,Folder 55,Folder,55,44773,44786,13
SEG_2392,Folder 55,Folder,55,44789,44793,4
SEG_2393,Folder 55,Folder,55,44794,44801,7
SEG_2395,Folder 55,Folder,55,44804,44809,5
SEG_2397,Folder 55,Folder,55,44812,44823,11
SEG_2399,Folder 55,Folder,55,44826,44835,9
SEG_2401,Folder 55,Folder,55,44838,44848,10
SEG_2402,Folder 55,Folder,55,44849,44858,9
SEG_2404,Folder 55,Folder,55,44861,44870,9
SEG_2406,Folder 55,Folder,55,44873,44878,5
SEG_2408,Folder 55,Folder,55,44881,44890,9
SEG_2410,Folder 55,Folder,55,44893,44899,6
SEG_2411,Folder 55,Folder,55,44900,44905,5
SEG_2413,Folder 55,Folder,55,44908,44913,5
SEG_2415,Folder 55,Folder,55,44916,44925,9
SEG_2417,Folder 55,Folder,55,44928,44937,9
SEG_2419,Folder 55,Folder,55,44940,44948,8
SEG_2420,Folder 55,Folder,55,44949,44958,9
SEG_2422,Folder 55,Folder,55,44961,44968,7
SEG_2424,Folder 55,Folder,55,44971,44974,3
SEG_2426,Folder 55,Folder,55,44977,44980,3
SEG_2428,Folder 55,Folder,55,44983,44987,4
SEG_2429,Folder 55,Folder,55,44988,44991,3
SEG_2431,Folder 55,Folder,55,44994,44997,3
SEG_2433,Folder 55,Folder,55,45000,45003,3
SEG_2435,Folder 55,Folder,55,45006,45009,3
SEG_2437,Folder 55,Folder,55,45012,45016,4
SEG_2438,Folder 55,Folder,55,45017,45020,3
SEG_2440,Folder 55,Folder,55,45023,45026,3
SEG_2442,Folder 55,Folder,55,45029,45032,3
SEG_2444,Folder 55,Folder,55,45035,45038,3
SEG_2446,Folder 55,Folder,55,45041,45045,4
SEG_2447,Folder 55,Folder,55,45046,45053,7
SEG_2449,Folder 55,Folder,55,45056,45063,7
SEG_2451,Folder 55,Folder,55,45066,45069,3
SEG_2453,Folder 55,Folder,55,45072,45075,3
SEG_2455,Folder 55,Folder,55,45078,45082,4
SEG_2456,Folder 55,Folder,55,45083,45086,3
SEG_2458,Folder 55,Folder,55,45089,45092,3
SEG_2460,Folder 55,Folder,55,45095,45098,3
SEG_2462,Folder 55,Folder,55,45101,45104,3
SEG_2464,Folder 55,Folder,55,45107,45111,4
SEG_2465,Folder 55,Folder,55,45112,45115,3
SEG_2467,Folder 55,Folder,55,45118,45121,3
SEG_2469,Folder 55,Folder,55,45124,45127,3
SEG_2471,Folder 55,Folder,55,45130,45133,3
SEG_2473,Folder 55,Folder,55,45136,45140,4
SEG_2474,Folder 55,Folder,55,45141,45144,3
SEG_2476,Folder 55,Folder,55,45147,45150,3
SEG_2478,Folder 55,Folder,55,45153,45156,3
SEG_2480,Folder 55,Folder,55,45159,45162,3
SEG_2482,Folder 55,Folder,55,45165,45169,4
SEG_2483,Folder 55,Folder,55,45170,45175,5
SEG_2485,Folder 55,Folder,55,45178,45181,3
SEG_2487,Folder 55,Folder,55,45184,45187,3
SEG_2489,Folder 55,Folder,55,45190,45193,3
SEG_2491,Folder 55,Folder,55,45196,45200,4
SEG_2492,Folder 55,Folder,55,45201,45204,3
SEG_2494,Folder 55,Folder,55,45207,45210,3
SEG_2496,Folder 55,Folder,55,45213,45216,3
SEG_2498,Folder 55,Folder,55,45219,45222,3
SEG_2500,Folder 55,Folder,55,45225,45229,4
SEG_2501,Folder 55,Folder,55,45230,45233,3
SEG_2503,Folder 55,Folder,55,45236,45239,3
SEG_2505,Folder 55,Folder,55,45242,45245,3
SEG_2507,Folder 55,Folder,55,45248,45251,3
SEG_2509,Folder 55,Folder,55,45254,45258,4
SEG_2510,Folder 55,Folder,55,45259,45262,3
SEG_2512,Folder 55,Folder,55,45265,45268,3
SEG_2514,Folder 55,Folder,55,45271,45274,3
SEG_2516,Folder 55,Folder,55,45277,45280,3
SEG_2518,Folder 55,Folder,55,45283,45287,4
SEG_2519,Folder 55,Folder,55,45288,45291,3
SEG_2521,Folder 55,Folder,55,45294,45297,3
SEG_2523,Folder 55,Folder,55,45300,45303,3
SEG_2525,Folder 55,Folder,55,45306,45309,3
SEG_2527,Folder 55,Folder,55,45312,45317,5
SEG_2528,Folder 55,Folder,55,45318,45321,3
SEG_2530,Folder 55,Folder,55,45324,45327,3
SEG_2532,Folder 55,Folder,55,45330,45333,3
SEG_2534,Folder 55,Folder,55,45336,45339,3
SEG_2536,Folder 55,Folder,55,45342,45346,4
SEG_2537,Folder 55,Folder,55,45347,45350,3
SEG_2539,Folder 55,Folder,55,45353,45356,3
SEG_2541,Folder 55,Folder,55,45359,45362,3
SEG_2543,Folder 55,Folder,55,45365,45368,3
SEG_2545,Folder 55,Folder,55,45371,45375,4
SEG_2546,Folder 55,Folder,55,45376,45379,3
SEG_2548,Folder 55,Folder,55,45382,45385,3
SEG_2550,Folder 55,Folder,55,45388,45391,3
SEG_2552,Folder 55,Folder,55,45394,45397,3
SEG_2554,Folder 55,Folder,55,45400,45404,4
SEG_2555,Folder 55,Folder,55,45405,45408,3
SEG_2557,Folder 55,Folder,55,45411,45414,3
SEG_2559,Folder 55,Folder,55,45417,45420,3
SEG_2561,Folder 55,Folder,55,45423,45426,3
SEG_2563,Folder 55,Folder,55,45429,45433,4
SEG_2564,Folder 55,Folder,55,45434,45437,3
SEG_2566,Folder 55,Folder,55,45440,45443,3
SEG_2568,Folder 55,Folder,55,45446,45449,3
SEG_2570,Folder 55,Folder,55,45452,45455,3
SEG_2572,Folder 55,Folder,55,45458,45462,4
SEG_2573,Folder 55,Folder,55,45463,45466,3
SEG_2575,Folder 55,Folder,55,45469,45472,3
SEG_2577,Folder 55,Folder,55,45475,45478,3
SEG_2579,Folder 55,Folder,55,45481,45484,3
SEG_2581,Folder 55,Folder,55,45487,45491,4
SEG_2582,Folder 55,Folder,55,45492,45495,3
SEG_2584,Folder 55,Folder,55,45498,45501,3
SEG_2586,Folder 55,Folder,55,45504,45507,3
SEG_2588,Folder 55,Folder,55,45510,45513,3
SEG_2590,Folder 55,Folder,55,45516,45520,4
SEG_2591,Folder 55,Folder,55,45521,45524,3
SEG_2593,Folder 55,Folder,55,45527,45530,3
SEG_2595,Folder 55,Folder,55,45533,45536,3
SEG_2597,Folder 55,Folder,55,45539,45542,3
SEG_2599,Folder 55,Folder,55,45545,45549,4
SEG_2600,Folder 55,Folder,55,45550,45553,3
SEG_2602,Folder 55,Folder,55,45556,45559,3
SEG_2604,Folder 55,Folder,55,45562,45565,3
SEG_2606,Folder 55,Folder,55,45568,45571,3
SEG_2608,Folder 55,Folder,55,45574,45578,4
SEG_2609,Folder 55,Folder,55,45579,45582,3
SEG_2611,Folder 55,Folder,55,45585,45588,3
SEG_2613,Folder 55,Folder,55,45591,45594,3
SEG_2615,Folder 55,Folder,55,45597,45600,3
SEG_2617,Folder 55,Folder,55,45603,45607,4
SEG_2618,Folder 55,Folder,55,45608,45611,3
SEG_2620,Folder 55,Folder,55,45614,45617,3
SEG_2622,Folder 55,Folder,55,45620,45623,3
SEG_2624,Folder 55,Folder,55,45626,45629,3
SEG_2626,Folder 55,Folder,55,45632,45636,4
SEG_2627,Folder 55,Folder,55,45637,45640,3
SEG_2629,Folder 55,Folder,55,45643,45646,3
SEG_2631,Folder 55,Folder,55,45649,45652,3
SEG_2633,Folder 55,Folder,55,45655,45658,3
SEG_2635,Folder 55,Folder,55,45661,45665,4
SEG_2636,Folder 55,Folder,55,45666,45669,3
SEG_2638,Folder 55,Folder,55,45672,45675,3
SEG_2640,Folder 55,Folder,55,45678,45681,3
SEG_2642,Folder 55,Folder,55,45684,45687,3
SEG_2644,Folder 55,Folder,55,45690,45694,4
SEG_2645,Folder 55,Folder,55,45695,45698,3
SEG_2647,Folder 55,Folder,55,45701,45704,3
SEG_2649,Folder 55,Folder,55,45707,45710,3
SEG_2651,Folder 55,Folder,55,45713,45716,3
SEG_2653,Folder 55,Folder,55,45719,45723,4
SEG_2654,Folder 55,Folder,55,45724,45727,3
SEG_2656,Folder 55,Folder,55,45730,45733,3
SEG_2658,Folder 55,Folder,55,45736,45739,3
SEG_2660,Folder 55,Folder,55,45742,45745,3
SEG_2662,Folder 55,Folder,55,45748,45752,4
SEG_2663,Folder 55,Folder,55,45753,45756,3
SEG_2665,Folder 55,Folder,55,45759,45762,3
SEG_2667,Folder 55,Folder,55,45765,45768,3
SEG_2669,Folder 55,Folder,55,45771,45774,3
SEG_2671,Folder 55,Folder,55,45777,45781,4
SEG_2672,Folder 55,Folder,55,45782,45785,3
SEG_2674,Folder 55,Folder,55,45788,45791,3
SEG_2676,Folder 55,Folder,55,45794,45797,3
SEG_2678,Folder 55,Folder,55,45800,45803,3
SEG_2680,Folder 55,Folder,55,45806,45810,4
SEG_2681,Folder 55,Folder,55,45811,45814,3
SEG_2683,Folder 55,Folder,55,45817,45820,3
SEG_2685,Folder 55,Folder,55,45823,45826,3
SEG_2687,Folder 55,Folder,55,45829,45832,3
SEG_2689,Folder 55,Folder,55,45835,45839,4
SEG_2690,Folder 55,Folder,55,45840,45843,3
SEG_2692,Folder 55,Folder,55,45846,45849,3
SEG_2694,Folder 55,Folder,55,45852,45855,3
SEG_2696,Folder 55,Folder,55,45858,45861,3
SEG_2698,Folder 55,Folder,55,45864,45868,4
SEG_2699,Folder 55,Folder,55,45869,45872,3
SEG_2701,Folder 55,Folder,55,45875,45878,3
SEG_2703,Folder 55,Folder,55,45881,45884,3
SEG_2705,Folder 55,Folder,55,45887,45890,3
SEG_2707,Folder 55,Folder,55,45893,45897,4
SEG_2708,Folder 55,Folder,55,45898,45901,3
SEG_2710,Folder 55,Folder,55,45904,45907,3
SEG_2712,Folder 55,Folder,55,45910,45913,3
SEG_2714,Folder 55,Folder,55,45916,45919,3
SEG_2716,Folder 55,Folder,55,45922,45926,4
SEG_2717,Folder 55,Folder,55,45927,45930,3
SEG_2719,Folder 55,Folder,55,45933,45936,3
SEG_2721,Folder 55,Folder,55,45939,45954,15
SEG_2723,Folder 55,Folder,55,45957,45962,5
SEG_2725,Folder 55,Folder,55,45965,45971,6
SEG_2726,Folder 55,Folder,55,45972,45975,3
SEG_2728,Folder 55,Folder,55,45978,45981,3
SEG_2730,Folder 55,Folder,55,45984,45991,7
SEG_2731,Folder 57,Folder,57,45992,45997,5
SEG_2733,Folder 57,Folder,57,46000,46005,5
SEG_2735,Folder 57,Folder,57,46008,46013,5
SEG_2737,Folder 57,Folder,57,46016,46021,5
SEG_2739,Folder 57,Folder,57,46024,46030,6
SEG_2740,Folder 57,Folder,57,46031,46038,7
SEG_2742,Folder 57,Folder,57,46041,46046,5
SEG_2744,Folder 57,Folder,57,46049,46054,5
SEG_2746,Folder 57,Folder,57,46057,46072,15
SEG_2748,Folder 57,Folder,57,46075,46081,6
SEG_2749,Folder 57,Folder,57,46082,46087,5
SEG_2751,Folder 57,Folder,57,46090,46095,5
SEG_2753,Folder 57,Folder,57,46098,46103,5
SEG_2755,Folder 57,Folder,57,46106,46111,5
SEG_2757,Folder 57,Folder,57,46114,46120,6
SEG_2758,Folder 57,Folder,57,46121,46126,5
SEG_2760,Folder 57,Folder,57,46129,46140,11
SEG_2765,Folder 57,Folder,57,46151,46162,11
SEG_2767,Folder 57,Folder,57,46165,46171,6
SEG_2768,Folder 57,Folder,57,46172,46177,5
SEG_2770,Folder 57,Folder,57,46180,46189,9
SEG_2772,Folder 57,Folder,57,46192,46197,5
SEG_2774,Folder 57,Folder,57,46200,46205,5
SEG_2776,Folder 57,Folder,57,46208,46215,7
SEG_2777,Folder 57,Folder,57,46216,46221,5
SEG_2779,Folder 57,Folder,57,46224,46237,13
SEG_2781,Folder 57,Folder,57,46240,46251,11
SEG_2783,Folder 57,Folder,57,46254,46263,9
SEG_2785,Folder 57,Folder,57,46266,46272,6
SEG_2786,Folder 57,Folder,57,46273,46278,5
SEG_2788,Folder 57,Folder,57,46281,46288,7
SEG_2790,Folder 57,Folder,57,46291,46300,9
SEG_2792,Folder 57,Folder,57,46303,46308,5
SEG_2794,Folder 57,Folder,57,46311,46317,6
SEG_2795,Folder 57,Folder,57,46318,46327,9
SEG_2797,Folder 57,Folder,57,46330,46335,5
SEG_2799,Folder 57,Folder,57,46338,46343,5
SEG_2801,Folder 57,Folder,57,46346,46351,5
SEG_2803,Folder 57,Folder,57,46354,46362,8
SEG_2804,Folder 57,Folder,57,46363,46368,5
SEG_2806,Folder 57,Folder,57,46371,46376,5
SEG_2808,Folder 57,Folder,57,46379,46388,9
SEG_2810,Folder 57,Folder,57,46391,46398,7
SEG_2812,Folder 57,Folder,57,46401,46407,6
SEG_2813,Folder 57,Folder,57,46408,46413,5
SEG_2815,Folder 57,Folder,57,46416,46425,9
SEG_2817,Folder 57,Folder,57,46428,47242,814
SEG_2818,Folder 53,Folder,53,47243,47252,9
SEG_2820,Folder 53,Folder,53,47255,47262,7
SEG_2822,Folder 53,Folder,53,47265,47270,5
SEG_2824,Folder 53,Folder,53,47273,47278,5
SEG_2826,Folder 53,Folder,53,47281,47287,6
SEG_2827,Folder 53,Folder,53,47288,47293,5
SEG_2829,Folder 53,Folder,53,47296,47301,5
SEG_2831,Folder 53,Folder,53,47304,47309,5
SEG_2833,Folder 53,Folder,53,47312,47317,5
SEG_2835,Folder 53,Folder,53,47320,47326,6
SEG_2836,Folder 53,Folder,53,47327,47338,11
SEG_2838,Folder 53,Folder,53,47341,47346,5
SEG_2840,Folder 53,Folder,53,47349,47354,5
SEG_2842,Folder 53,Folder,53,47357,47362,5
SEG_2844,Folder 53,Folder,53,47365,47371,6
SEG_2845,Folder 53,Folder,53,47372,47377,5
SEG_2847,Folder 53,Folder,53,47380,47383,3
SEG_2849,Folder 53,Folder,53,47386,47391,5
SEG_2851,Folder 53,Folder,53,47394,47399,5
SEG_2853,Folder 53,Folder,53,47402,47408,6
SEG_2854,Folder 53,Folder,53,47409,47416,7
SEG_2856,Folder 53,Folder,53,47419,47438,19
SEG_2858,Folder 53,Folder,53,47441,47454,13
SEG_2860,Folder 53,Folder,53,47457,47466,9
SEG_2862,Folder 53,Folder,53,47469,47481,12
SEG_2863,Folder 53,Folder,53,47482,47491,9
SEG_2865,Folder 53,Folder,53,47494,47499,5
SEG_2867,Folder 53,Folder,53,47502,47509,7
SEG_2869,Folder 53,Folder,53,47512,47517,5
SEG_2871,Folder 53,Folder,53,47520,47530,10
SEG_2872,Folder 53,Folder,53,47531,47536,5
SEG_2874,Folder 53,Folder,53,47539,47546,7
SEG_2876,Folder 53,Folder,53,47549,47554,5
SEG_2878,Folder 53,Folder,53,47557,47564,7
SEG_2880,Folder 53,Folder,53,47567,47573,6
SEG_2881,Folder 53,Folder,53,47574,47579,5
SEG_2883,Folder 53,Folder,53,47582,47587,5
SEG_2885,Folder 53,Folder,53,47590,47595,5
SEG_2887,Folder 53,Folder,53,47598,47603,5
SEG_2889,Folder 53,Folder,53,47606,47612,6
SEG_2890,Folder 53,Folder,53,47613,47618,5
SEG_2892,Folder 53,Folder,53,47621,47626,5
SEG_2894,Folder 53,Folder,53,47629,47634,5
SEG_2896,Folder 53,Folder,53,47637,47642,5
SEG_2898,Folder 53,Folder,53,47645,47653,8
SEG_2899,Folder 53,Folder,53,47654,47661,7
SEG_2901,Folder 53,Folder,53,47664,47669,5
SEG_2903,Folder 53,Folder,53,47672,47677,5
SEG_2905,Folder 53,Folder,53,47680,47685,5
SEG_2907,Folder 53,Folder,53,47688,47694,6
SEG_2908,Folder 53,Folder,53,47695,47700,5
SEG_2910,Folder 53,Folder,53,47703,47708,5
SEG_2912,Folder 53,Folder,53,47711,47718,7
SEG_2914,Folder 53,Folder,53,47721,47726,5
SEG_2916,Folder 53,Folder,53,47729,47735,6
SEG_2917,Folder 53,Folder,53,47736,47747,11
SEG_2919,Folder 53,Folder,53,47750,47757,7
SEG_2921,Folder 53,Folder,53,47760,47771,11
SEG_2923,Folder 53,Folder,53,47774,47783,9
SEG_2925,Folder 53,Folder,53,47786,47792,6
SEG_2926,Folder 53,Folder,53,47793,47798,5
SEG_2928,Folder 53,Folder,53,47801,47806,5
SEG_2930,Folder 53,Folder,53,47809,47814,5
SEG_2932,Folder 53,Folder,53,47817,47822,5
SEG_2934,Folder 53,Folder,53,47825,47831,6
SEG_2935,Folder 53,Folder,53,47832,47837,5
SEG_2937,Folder 53,Folder,53,47840,47845,5
SEG_2939,Folder 53,Folder,53,47848,47853,5
SEG_2941,Folder 53,Folder,53,47856,47861,5
SEG_2943,Folder 53,Folder,53,47864,47870,6
SEG_2944,Folder 53,Folder,53,47871,47876,5
SEG_2946,Folder 53,Folder,53,47879,47888,9
SEG_2948,Folder 53,Folder,53,47891,47896,5
SEG_2950,Folder 53,Folder,53,47899,47904,5
SEG_2952,Folder 53,Folder,53,47907,47917,10
SEG_2953,Folder 53,Folder,53,47918,47923,5
SEG_2958,Folder 53,Folder,53,47934,47939,5
SEG_2960,Folder 53,Folder,53,47942,47947,5
SEG_2962,Folder 53,Folder,53,47950,47960,10
SEG_2963,Folder 53,Folder,53,47961,47970,9
SEG_2965,Folder 53,Folder,53,47973,47984,11
SEG_2967,Folder 53,Folder,53,47987,48004,17
SEG_2969,Folder 53,Folder,53,48007,48036,29
SEG_2971,Folder 53,Folder,53,48039,48049,10
SEG_2972,Folder 53,Folder,53,48050,48061,11
SEG_2974,Folder 53,Folder,53,48064,48081,17
SEG_2976,Folder 53,Folder,53,48084,48093,9
SEG_2978,Folder 53,Folder,53,48096,48119,23
SEG_2980,Folder 53,Folder,53,48122,48140,18
SEG_2981,Folder 53,Folder,53,48141,48162,21
SEG_2983,Folder 53,Folder,53,48165,48170,5
SEG_2985,Folder 53,Folder,53,48173,48182,9
SEG_2987,Folder 53,Folder,53,48185,48190,5
SEG_2989,Folder 53,Folder,53,48193,48201,8
SEG_2990,Folder 53,Folder,53,48202,48207,5
SEG_2992,Folder 53,Folder,53,48210,48215,5
SEG_2994,Folder 53,Folder,53,48218,48223,5
SEG_2996,Folder 53,Folder,53,48226,48231,5
SEG_2998,Folder 53,Folder,53,48234,48240,6
SEG_2999,Folder 53,Folder,53,48241,48246,5
SEG_3001,Folder 53,Folder,53,48249,48254,5
SEG_3003,Folder 53,Folder,53,48257,48262,5
SEG_3005,Folder 53,Folder,53,48265,48270,5
SEG_3007,Folder 53,Folder,53,48273,48279,6
SEG_3008,Folder 53,Folder,53,48280,48285,5
SEG_3010,Folder 53,Folder,53,48288,48293,5
SEG_3012,Folder 53,Folder,53,48296,48301,5
SEG_3014,Folder 53,Folder,53,48304,48309,5
SEG_3016,Folder 53,Folder,53,48312,48318,6
SEG_3017,Folder 53,Folder,53,48319,48324,5
SEG_3019,Folder 53,Folder,53,48327,48332,5
SEG_3021,Folder 53,Folder,53,48335,48340,5
SEG_3023,Folder 53,Folder,53,48343,48348,5
SEG_3025,Folder 53,Folder,53,48351,48357,6
SEG_3026,Folder 53,Folder,53,48358,48365,7
SEG_3028,Folder 53,Folder,53,48368,48829,461
